Datetime (UTC),Actual Carbon Intensity (gCO2/kWh),Forecast Carbon Intensity (gCO2/kWh),Index
2023-01-01T00:00Z,65,75,low
2023-01-01T00:30Z,72,73,low
2023-01-01T01:00Z,80,63,low
2023-01-01T01:30Z,72,71,low
2023-01-01T02:00Z,65,76,low
2023-01-01T02:30Z,65,72,low
2023-01-01T03:00Z,65,66,low
2023-01-01T03:30Z,67,67,low
2023-01-01T04:00Z,68,67,low
2023-01-01T04:30Z,71,67,low
2023-01-01T05:00Z,73,65,low
2023-01-01T05:30Z,72,73,low
2023-01-01T06:00Z,73,74,low
2023-01-01T06:30Z,73,76,low
2023-01-01T07:00Z,72,75,low
2023-01-01T07:30Z,75,78,low
2023-01-01T08:00Z,74,73,low
2023-01-01T08:30Z,73,76,low
2023-01-01T09:00Z,82,75,low
2023-01-01T09:30Z,78,69,low
2023-01-01T10:00Z,78,82,low
2023-01-01T10:30Z,84,80,low
2023-01-01T11:00Z,86,77,low
2023-01-01T11:30Z,87,89,low
2023-01-01T12:00Z,92,84,low
2023-01-01T12:30Z,90,90,low
2023-01-01T13:00Z,93,90,low
2023-01-01T13:30Z,93,88,low
2023-01-01T14:00Z,94,90,low
2023-01-01T14:30Z,103,92,low
2023-01-01T15:00Z,114,97,low
2023-01-01T15:30Z,129,107,moderate
2023-01-01T16:00Z,145,122,moderate
2023-01-01T16:30Z,150,136,moderate
2023-01-01T17:00Z,155,174,moderate
2023-01-01T17:30Z,162,160,moderate
2023-01-01T18:00Z,160,160,moderate
2023-01-01T18:30Z,160,157,moderate
2023-01-01T19:00Z,158,163,moderate
2023-01-01T19:30Z,160,159,moderate
2023-01-01T20:00Z,164,146,moderate
2023-01-01T20:30Z,162,158,moderate
2023-01-01T21:00Z,164,161,moderate
2023-01-01T21:30Z,162,168,moderate
2023-01-01T22:00Z,156,179,moderate
2023-01-01T22:30Z,153,188,moderate
2023-01-01T23:00Z,150,155,moderate
2023-01-01T23:30Z,153,152,moderate
2023-01-02T00:00Z,152,156,moderate
2023-01-02T00:30Z,145,156,moderate
2023-01-02T01:00Z,136,157,moderate
2023-01-02T01:30Z,129,148,moderate
2023-01-02T02:00Z,127,140,moderate
2023-01-02T02:30Z,127,134,moderate
2023-01-02T03:00Z,122,133,moderate
2023-01-02T03:30Z,120,132,moderate
2023-01-02T04:00Z,120,131,moderate
2023-01-02T04:30Z,123,125,moderate
2023-01-02T05:00Z,125,123,moderate
2023-01-02T05:30Z,119,129,low
2023-01-02T06:00Z,123,137,moderate
2023-01-02T06:30Z,133,130,moderate
2023-01-02T07:00Z,134,131,moderate
2023-01-02T07:30Z,151,143,moderate
2023-01-02T08:00Z,152,150,moderate
2023-01-02T08:30Z,156,161,moderate
2023-01-02T09:00Z,161,161,moderate
2023-01-02T09:30Z,164,160,moderate
2023-01-02T10:00Z,163,166,moderate
2023-01-02T10:30Z,151,165,moderate
2023-01-02T11:00Z,153,168,moderate
2023-01-02T11:30Z,155,155,moderate
2023-01-02T12:00Z,152,153,moderate
2023-01-02T12:30Z,148,159,moderate
2023-01-02T13:00Z,152,157,moderate
2023-01-02T13:30Z,159,155,moderate
2023-01-02T14:00Z,161,158,moderate
2023-01-02T14:30Z,159,167,moderate
2023-01-02T15:00Z,174,171,moderate
2023-01-02T15:30Z,185,166,moderate
2023-01-02T16:00Z,190,185,moderate
2023-01-02T16:30Z,192,203,moderate
2023-01-02T17:00Z,196,200,moderate
2023-01-02T17:30Z,203,196,high
2023-01-02T18:00Z,204,202,high
2023-01-02T18:30Z,205,206,high
2023-01-02T19:00Z,201,205,high
2023-01-02T19:30Z,202,209,high
2023-01-02T20:00Z,207,204,high
2023-01-02T20:30Z,198,207,moderate
2023-01-02T21:00Z,194,209,moderate
2023-01-02T21:30Z,185,196,moderate
2023-01-02T22:00Z,171,190,moderate
2023-01-02T22:30Z,154,182,moderate
2023-01-02T23:00Z,134,171,moderate
2023-01-02T23:30Z,118,156,low
2023-01-03T00:00Z,106,135,low
2023-01-03T00:30Z,100,119,low
2023-01-03T01:00Z,103,106,low
2023-01-03T01:30Z,101,100,low
2023-01-03T02:00Z,95,102,low
2023-01-03T02:30Z,99,103,low
2023-01-03T03:00Z,90,100,low
2023-01-03T03:30Z,90,99,low
2023-01-03T04:00Z,82,91,low
2023-01-03T04:30Z,79,95,low
2023-01-03T05:00Z,72,82,low
2023-01-03T05:30Z,79,80,low
2023-01-03T06:00Z,80,72,low
2023-01-03T06:30Z,80,82,low
2023-01-03T07:00Z,84,74,low
2023-01-03T07:30Z,96,73,low
2023-01-03T08:00Z,106,74,low
2023-01-03T08:30Z,109,93,low
2023-01-03T09:00Z,113,94,low
2023-01-03T09:30Z,115,104,low
2023-01-03T10:00Z,115,98,low
2023-01-03T10:30Z,117,108,low
2023-01-03T11:00Z,118,112,low
2023-01-03T11:30Z,117,117,low
2023-01-03T12:00Z,119,120,low
2023-01-03T12:30Z,119,121,low
2023-01-03T13:00Z,118,120,low
2023-01-03T13:30Z,116,121,low
2023-01-03T14:00Z,122,120,moderate
2023-01-03T14:30Z,123,122,moderate
2023-01-03T15:00Z,128,131,moderate
2023-01-03T15:30Z,132,123,moderate
2023-01-03T16:00Z,134,121,moderate
2023-01-03T16:30Z,132,123,moderate
2023-01-03T17:00Z,131,130,moderate
2023-01-03T17:30Z,131,125,moderate
2023-01-03T18:00Z,131,121,moderate
2023-01-03T18:30Z,128,123,moderate
2023-01-03T19:00Z,121,126,moderate
2023-01-03T19:30Z,105,116,low
2023-01-03T20:00Z,92,112,low
2023-01-03T20:30Z,80,91,low
2023-01-03T21:00Z,73,87,low
2023-01-03T21:30Z,74,73,low
2023-01-03T22:00Z,63,63,low
2023-01-03T22:30Z,72,70,low
2023-01-03T23:00Z,66,55,low
2023-01-03T23:30Z,66,63,low
2023-01-04T00:00Z,61,69,low
2023-01-04T00:30Z,64,88,low
2023-01-04T01:00Z,71,77,low
2023-01-04T01:30Z,72,70,low
2023-01-04T02:00Z,68,65,low
2023-01-04T02:30Z,67,64,low
2023-01-04T03:00Z,59,68,low
2023-01-04T03:30Z,55,81,low
2023-01-04T04:00Z,55,70,low
2023-01-04T04:30Z,53,55,low
2023-01-04T05:00Z,52,54,low
2023-01-04T05:30Z,57,54,low
2023-01-04T06:00Z,60,52,low
2023-01-04T06:30Z,60,58,low
2023-01-04T07:00Z,60,62,low
2023-01-04T07:30Z,63,62,low
2023-01-04T08:00Z,66,60,low
2023-01-04T08:30Z,66,64,low
2023-01-04T09:00Z,65,65,low
2023-01-04T09:30Z,65,65,low
2023-01-04T10:00Z,63,57,low
2023-01-04T10:30Z,62,59,low
2023-01-04T11:00Z,59,60,low
2023-01-04T11:30Z,55,62,low
2023-01-04T12:00Z,53,62,low
2023-01-04T12:30Z,56,56,low
2023-01-04T13:00Z,57,49,low
2023-01-04T13:30Z,55,65,low
2023-01-04T14:00Z,56,55,low
2023-01-04T14:30Z,59,56,low
2023-01-04T15:00Z,62,52,low
2023-01-04T15:30Z,66,55,low
2023-01-04T16:00Z,76,58,low
2023-01-04T16:30Z,85,71,low
2023-01-04T17:00Z,85,80,low
2023-01-04T17:30Z,90,77,low
2023-01-04T18:00Z,92,85,low
2023-01-04T18:30Z,90,79,low
2023-01-04T19:00Z,88,88,low
2023-01-04T19:30Z,86,77,low
2023-01-04T20:00Z,78,80,low
2023-01-04T20:30Z,75,85,low
2023-01-04T21:00Z,70,80,low
2023-01-04T21:30Z,59,73,low
2023-01-04T22:00Z,55,66,low
2023-01-04T22:30Z,51,56,low
2023-01-04T23:00Z,55,47,low
2023-01-04T23:30Z,65,46,low
2023-01-05T00:00Z,63,58,low
2023-01-05T00:30Z,64,59,low
2023-01-05T01:00Z,70,58,low
2023-01-05T01:30Z,69,63,low
2023-01-05T02:00Z,69,63,low
2023-01-05T02:30Z,70,70,low
2023-01-05T03:00Z,71,69,low
2023-01-05T03:30Z,72,73,low
2023-01-05T04:00Z,74,68,low
2023-01-05T04:30Z,77,76,low
2023-01-05T05:00Z,88,79,low
2023-01-05T05:30Z,88,82,low
2023-01-05T06:00Z,98,94,low
2023-01-05T06:30Z,109,94,low
2023-01-05T07:00Z,130,109,moderate
2023-01-05T07:30Z,140,131,moderate
2023-01-05T08:00Z,151,139,moderate
2023-01-05T08:30Z,154,147,moderate
2023-01-05T09:00Z,160,157,moderate
2023-01-05T09:30Z,161,158,moderate
2023-01-05T10:00Z,162,156,moderate
2023-01-05T10:30Z,167,158,moderate
2023-01-05T11:00Z,158,154,moderate
2023-01-05T11:30Z,149,163,moderate
2023-01-05T12:00Z,145,156,moderate
2023-01-05T12:30Z,141,144,moderate
2023-01-05T13:00Z,134,130,moderate
2023-01-05T13:30Z,130,132,moderate
2023-01-05T14:00Z,122,122,moderate
2023-01-05T14:30Z,127,129,moderate
2023-01-05T15:00Z,120,123,moderate
2023-01-05T15:30Z,114,116,low
2023-01-05T16:00Z,115,117,low
2023-01-05T16:30Z,119,113,low
2023-01-05T17:00Z,125,116,moderate
2023-01-05T17:30Z,123,110,moderate
2023-01-05T18:00Z,121,109,moderate
2023-01-05T18:30Z,117,118,low
2023-01-05T19:00Z,113,105,low
2023-01-05T19:30Z,96,111,low
2023-01-05T20:00Z,86,108,low
2023-01-05T20:30Z,67,92,low
2023-01-05T21:00Z,59,83,low
2023-01-05T21:30Z,53,70,low
2023-01-05T22:00Z,49,51,low
2023-01-05T22:30Z,56,52,low
2023-01-05T23:00Z,53,47,low
2023-01-05T23:30Z,57,57,low
2023-01-06T00:00Z,58,53,low
2023-01-06T00:30Z,62,54,low
2023-01-06T01:00Z,66,55,low
2023-01-06T01:30Z,58,67,low
2023-01-06T02:00Z,58,69,low
2023-01-06T02:30Z,62,57,low
2023-01-06T03:00Z,63,55,low
2023-01-06T03:30Z,67,61,low
2023-01-06T04:00Z,60,59,low
2023-01-06T04:30Z,55,57,low
2023-01-06T05:00Z,57,59,low
2023-01-06T05:30Z,62,54,low
2023-01-06T06:00Z,67,64,low
2023-01-06T06:30Z,71,67,low
2023-01-06T07:00Z,79,67,low
2023-01-06T07:30Z,80,70,low
2023-01-06T08:00Z,87,76,low
2023-01-06T08:30Z,89,76,low
2023-01-06T09:00Z,93,84,low
2023-01-06T09:30Z,90,111,low
2023-01-06T10:00Z,90,85,low
2023-01-06T10:30Z,93,81,low
2023-01-06T11:00Z,90,88,low
2023-01-06T11:30Z,90,90,low
2023-01-06T12:00Z,88,91,low
2023-01-06T12:30Z,90,90,low
2023-01-06T13:00Z,94,89,low
2023-01-06T13:30Z,96,94,low
2023-01-06T14:00Z,97,101,low
2023-01-06T14:30Z,105,114,low
2023-01-06T15:00Z,113,108,low
2023-01-06T15:30Z,122,124,moderate
2023-01-06T16:00Z,130,123,moderate
2023-01-06T16:30Z,134,126,moderate
2023-01-06T17:00Z,136,136,moderate
2023-01-06T17:30Z,137,137,moderate
2023-01-06T18:00Z,131,131,moderate
2023-01-06T18:30Z,129,122,moderate
2023-01-06T19:00Z,116,111,low
2023-01-06T19:30Z,107,113,low
2023-01-06T20:00Z,87,104,low
2023-01-06T20:30Z,76,107,low
2023-01-06T21:00Z,70,83,low
2023-01-06T21:30Z,66,69,low
2023-01-06T22:00Z,62,51,low
2023-01-06T22:30Z,52,59,low
2023-01-06T23:00Z,49,52,low
2023-01-06T23:30Z,55,53,low
2023-01-07T00:00Z,51,46,low
2023-01-07T00:30Z,56,50,low
2023-01-07T01:00Z,61,52,low
2023-01-07T01:30Z,59,54,low
2023-01-07T02:00Z,51,55,low
2023-01-07T02:30Z,54,56,low
2023-01-07T03:00Z,51,57,low
2023-01-07T03:30Z,52,61,low
2023-01-07T04:00Z,53,53,low
2023-01-07T04:30Z,61,53,low
2023-01-07T05:00Z,60,53,low
2023-01-07T05:30Z,61,59,low
2023-01-07T06:00Z,66,60,low
2023-01-07T06:30Z,62,60,low
2023-01-07T07:00Z,67,69,low
2023-01-07T07:30Z,56,61,low
2023-01-07T08:00Z,65,60,low
2023-01-07T08:30Z,63,54,low
2023-01-07T09:00Z,78,62,low
2023-01-07T09:30Z,79,58,low
2023-01-07T10:00Z,79,70,low
2023-01-07T10:30Z,78,75,low
2023-01-07T11:00Z,74,74,low
2023-01-07T11:30Z,72,72,low
2023-01-07T12:00Z,73,69,low
2023-01-07T12:30Z,72,66,low
2023-01-07T13:00Z,69,67,low
2023-01-07T13:30Z,69,63,low
2023-01-07T14:00Z,67,64,low
2023-01-07T14:30Z,67,63,low
2023-01-07T15:00Z,65,61,low
2023-01-07T15:30Z,67,59,low
2023-01-07T16:00Z,63,59,low
2023-01-07T16:30Z,61,62,low
2023-01-07T17:00Z,67,59,low
2023-01-07T17:30Z,71,58,low
2023-01-07T18:00Z,70,58,low
2023-01-07T18:30Z,68,64,low
2023-01-07T19:00Z,63,62,low
2023-01-07T19:30Z,56,122,low
2023-01-07T20:00Z,53,59,low
2023-01-07T20:30Z,61,52,low
2023-01-07T21:00Z,56,39,low
2023-01-07T21:30Z,63,52,low
2023-01-07T22:00Z,63,49,low
2023-01-07T22:30Z,71,60,low
2023-01-07T23:00Z,71,59,low
2023-01-07T23:30Z,70,71,low
2023-01-08T00:00Z,61,69,low
2023-01-08T00:30Z,59,72,low
2023-01-08T01:00Z,64,70,low
2023-01-08T01:30Z,64,58,low
2023-01-08T02:00Z,61,57,low
2023-01-08T02:30Z,70,67,low
2023-01-08T03:00Z,72,59,low
2023-01-08T03:30Z,72,70,low
2023-01-08T04:00Z,65,62,low
2023-01-08T04:30Z,63,69,low
2023-01-08T05:00Z,63,65,low
2023-01-08T05:30Z,61,62,low
2023-01-08T06:00Z,62,65,low
2023-01-08T06:30Z,75,62,low
2023-01-08T07:00Z,76,62,low
2023-01-08T07:30Z,58,78,low
2023-01-08T08:00Z,58,74,low
2023-01-08T08:30Z,55,57,low
2023-01-08T09:00Z,61,58,low
2023-01-08T09:30Z,56,57,low
2023-01-08T10:00Z,61,62,low
2023-01-08T10:30Z,56,53,low
2023-01-08T11:00Z,53,57,low
2023-01-08T11:30Z,55,56,low
2023-01-08T12:00Z,59,51,low
2023-01-08T12:30Z,64,54,low
2023-01-08T13:00Z,66,57,low
2023-01-08T13:30Z,61,61,low
2023-01-08T14:00Z,64,67,low
2023-01-08T14:30Z,66,62,low
2023-01-08T15:00Z,66,64,low
2023-01-08T15:30Z,68,68,low
2023-01-08T16:00Z,76,69,low
2023-01-08T16:30Z,89,71,low
2023-01-08T17:00Z,98,80,low
2023-01-08T17:30Z,102,91,low
2023-01-08T18:00Z,101,95,low
2023-01-08T18:30Z,94,98,low
2023-01-08T19:00Z,93,97,low
2023-01-08T19:30Z,89,95,low
2023-01-08T20:00Z,86,91,low
2023-01-08T20:30Z,81,80,low
2023-01-08T21:00Z,75,83,low
2023-01-08T21:30Z,79,78,low
2023-01-08T22:00Z,72,75,low
2023-01-08T22:30Z,65,76,low
2023-01-08T23:00Z,67,66,low
2023-01-08T23:30Z,61,70,low
2023-01-09T00:00Z,62,65,low
2023-01-09T00:30Z,66,62,low
2023-01-09T01:00Z,68,59,low
2023-01-09T01:30Z,71,63,low
2023-01-09T02:00Z,71,65,low
2023-01-09T02:30Z,71,66,low
2023-01-09T03:00Z,69,60,low
2023-01-09T03:30Z,62,58,low
2023-01-09T04:00Z,61,56,low
2023-01-09T04:30Z,60,55,low
2023-01-09T05:00Z,58,54,low
2023-01-09T05:30Z,69,56,low
2023-01-09T06:00Z,72,53,low
2023-01-09T06:30Z,74,54,low
2023-01-09T07:00Z,90,69,low
2023-01-09T07:30Z,94,70,low
2023-01-09T08:00Z,104,90,low
2023-01-09T08:30Z,104,85,low
2023-01-09T09:00Z,98,99,low
2023-01-09T09:30Z,96,79,low
2023-01-09T10:00Z,89,79,low
2023-01-09T10:30Z,86,76,low
2023-01-09T11:00Z,86,69,low
2023-01-09T11:30Z,88,71,low
2023-01-09T12:00Z,84,70,low
2023-01-09T12:30Z,81,77,low
2023-01-09T13:00Z,78,71,low
2023-01-09T13:30Z,84,62,low
2023-01-09T14:00Z,85,68,low
2023-01-09T14:30Z,86,115,low
2023-01-09T15:00Z,90,74,low
2023-01-09T15:30Z,98,72,low
2023-01-09T16:00Z,108,92,low
2023-01-09T16:30Z,109,95,low
2023-01-09T17:00Z,110,98,low
2023-01-09T17:30Z,107,113,low
2023-01-09T18:00Z,110,104,low
2023-01-09T18:30Z,108,100,low
2023-01-09T19:00Z,107,101,low
2023-01-09T19:30Z,111,93,low
2023-01-09T20:00Z,105,97,low
2023-01-09T20:30Z,95,95,low
2023-01-09T21:00Z,86,90,low
2023-01-09T21:30Z,80,88,low
2023-01-09T22:00Z,72,85,low
2023-01-09T22:30Z,60,86,low
2023-01-09T23:00Z,52,92,low
2023-01-09T23:30Z,53,102,low
2023-01-10T00:00Z,58,54,low
2023-01-10T00:30Z,62,54,low
2023-01-10T01:00Z,67,61,low
2023-01-10T01:30Z,63,62,low
2023-01-10T02:00Z,64,70,low
2023-01-10T02:30Z,71,76,low
2023-01-10T03:00Z,73,68,low
2023-01-10T03:30Z,72,60,low
2023-01-10T04:00Z,76,62,low
2023-01-10T04:30Z,74,68,low
2023-01-10T05:00Z,69,73,low
2023-01-10T05:30Z,69,74,low
2023-01-10T06:00Z,71,67,low
2023-01-10T06:30Z,80,68,low
2023-01-10T07:00Z,98,73,low
2023-01-10T07:30Z,108,84,low
2023-01-10T08:00Z,110,93,low
2023-01-10T08:30Z,101,97,low
2023-01-10T09:00Z,96,102,low
2023-01-10T09:30Z,96,92,low
2023-01-10T10:00Z,92,92,low
2023-01-10T10:30Z,91,90,low
2023-01-10T11:00Z,95,93,low
2023-01-10T11:30Z,97,93,low
2023-01-10T12:00Z,97,93,low
2023-01-10T12:30Z,99,94,low
2023-01-10T13:00Z,99,98,low
2023-01-10T13:30Z,96,95,low
2023-01-10T14:00Z,91,98,low
2023-01-10T14:30Z,90,99,low
2023-01-10T15:00Z,85,98,low
2023-01-10T15:30Z,84,93,low
2023-01-10T16:00Z,83,85,low
2023-01-10T16:30Z,86,94,low
2023-01-10T17:00Z,86,83,low
2023-01-10T17:30Z,86,84,low
2023-01-10T18:00Z,84,84,low
2023-01-10T18:30Z,79,83,low
2023-01-10T19:00Z,76,84,low
2023-01-10T19:30Z,77,80,low
2023-01-10T20:00Z,67,70,low
2023-01-10T20:30Z,63,71,low
2023-01-10T21:00Z,62,59,low
2023-01-10T21:30Z,68,59,low
2023-01-10T22:00Z,62,54,low
2023-01-10T22:30Z,65,64,low
2023-01-10T23:00Z,58,55,low
2023-01-10T23:30Z,77,64,low
2023-01-11T00:00Z,79,55,low
2023-01-11T00:30Z,78,67,low
2023-01-11T01:00Z,79,67,low
2023-01-11T01:30Z,66,71,low
2023-01-11T02:00Z,62,64,low
2023-01-11T02:30Z,71,62,low
2023-01-11T03:00Z,68,57,low
2023-01-11T03:30Z,61,62,low
2023-01-11T04:00Z,61,55,low
2023-01-11T04:30Z,69,73,low
2023-01-11T05:00Z,78,60,low
2023-01-11T05:30Z,75,69,low
2023-01-11T06:00Z,81,68,low
2023-01-11T06:30Z,75,73,low
2023-01-11T07:00Z,81,89,low
2023-01-11T07:30Z,70,88,low
2023-01-11T08:00Z,74,74,low
2023-01-11T08:30Z,68,63,low
2023-01-11T09:00Z,71,72,low
2023-01-11T09:30Z,72,66,low
2023-01-11T10:00Z,62,70,low
2023-01-11T10:30Z,58,73,low
2023-01-11T11:00Z,58,63,low
2023-01-11T11:30Z,54,58,low
2023-01-11T12:00Z,55,58,low
2023-01-11T12:30Z,59,56,low
2023-01-11T13:00Z,67,56,low
2023-01-11T13:30Z,69,59,low
2023-01-11T14:00Z,71,66,low
2023-01-11T14:30Z,74,67,low
2023-01-11T15:00Z,67,64,low
2023-01-11T15:30Z,66,63,low
2023-01-11T16:00Z,76,62,low
2023-01-11T16:30Z,84,66,low
2023-01-11T17:00Z,90,72,low
2023-01-11T17:30Z,94,73,low
2023-01-11T18:00Z,91,75,low
2023-01-11T18:30Z,91,77,low
2023-01-11T19:00Z,92,74,low
2023-01-11T19:30Z,89,72,low
2023-01-11T20:00Z,82,72,low
2023-01-11T20:30Z,79,73,low
2023-01-11T21:00Z,70,73,low
2023-01-11T21:30Z,63,74,low
2023-01-11T22:00Z,64,67,low
2023-01-11T22:30Z,63,71,low
2023-01-11T23:00Z,64,63,low
2023-01-11T23:30Z,62,68,low
2023-01-12T00:00Z,57,66,low
2023-01-12T00:30Z,59,96,low
2023-01-12T01:00Z,66,55,low
2023-01-12T01:30Z,63,60,low
2023-01-12T02:00Z,64,62,low
2023-01-12T02:30Z,60,71,low
2023-01-12T03:00Z,58,64,low
2023-01-12T03:30Z,65,58,low
2023-01-12T04:00Z,66,57,low
2023-01-12T04:30Z,61,68,low
2023-01-12T05:00Z,63,72,low
2023-01-12T05:30Z,72,63,low
2023-01-12T06:00Z,73,64,low
2023-01-12T06:30Z,75,69,low
2023-01-12T07:00Z,82,68,low
2023-01-12T07:30Z,86,74,low
2023-01-12T08:00Z,101,78,low
2023-01-12T08:30Z,109,89,low
2023-01-12T09:00Z,109,97,low
2023-01-12T09:30Z,111,102,low
2023-01-12T10:00Z,105,101,low
2023-01-12T10:30Z,101,102,low
2023-01-12T11:00Z,100,98,low
2023-01-12T11:30Z,94,96,low
2023-01-12T12:00Z,91,93,low
2023-01-12T12:30Z,86,96,low
2023-01-12T13:00Z,79,88,low
2023-01-12T13:30Z,78,77,low
2023-01-12T14:00Z,74,76,low
2023-01-12T14:30Z,70,77,low
2023-01-12T15:00Z,69,76,low
2023-01-12T15:30Z,69,69,low
2023-01-12T16:00Z,70,68,low
2023-01-12T16:30Z,74,73,low
2023-01-12T17:00Z,81,72,low
2023-01-12T17:30Z,83,72,low
2023-01-12T18:00Z,85,81,low
2023-01-12T18:30Z,84,85,low
2023-01-12T19:00Z,82,79,low
2023-01-12T19:30Z,79,76,low
2023-01-12T20:00Z,69,75,low
2023-01-12T20:30Z,66,81,low
2023-01-12T21:00Z,69,74,low
2023-01-12T21:30Z,68,66,low
2023-01-12T22:00Z,64,66,low
2023-01-12T22:30Z,69,65,low
2023-01-12T23:00Z,66,62,low
2023-01-12T23:30Z,59,64,low
2023-01-13T00:00Z,60,62,low
2023-01-13T00:30Z,65,55,low
2023-01-13T01:00Z,68,55,low
2023-01-13T01:30Z,67,57,low
2023-01-13T02:00Z,65,53,low
2023-01-13T02:30Z,60,55,low
2023-01-13T03:00Z,54,59,low
2023-01-13T03:30Z,62,60,low
2023-01-13T04:00Z,57,54,low
2023-01-13T04:30Z,55,61,low
2023-01-13T05:00Z,57,55,low
2023-01-13T05:30Z,58,60,low
2023-01-13T06:00Z,69,54,low
2023-01-13T06:30Z,71,56,low
2023-01-13T07:00Z,78,67,low
2023-01-13T07:30Z,69,67,low
2023-01-13T08:00Z,79,77,low
2023-01-13T08:30Z,73,66,low
2023-01-13T09:00Z,76,77,low
2023-01-13T09:30Z,76,72,low
2023-01-13T10:00Z,76,71,low
2023-01-13T10:30Z,75,73,low
2023-01-13T11:00Z,71,74,low
2023-01-13T11:30Z,71,74,low
2023-01-13T12:00Z,75,70,low
2023-01-13T12:30Z,77,70,low
2023-01-13T13:00Z,76,71,low
2023-01-13T13:30Z,74,75,low
2023-01-13T14:00Z,71,74,low
2023-01-13T14:30Z,76,71,low
2023-01-13T15:00Z,79,72,low
2023-01-13T15:30Z,85,73,low
2023-01-13T16:00Z,94,92,low
2023-01-13T16:30Z,106,93,low
2023-01-13T17:00Z,121,104,moderate
2023-01-13T17:30Z,126,119,moderate
2023-01-13T18:00Z,130,122,moderate
2023-01-13T18:30Z,131,128,moderate
2023-01-13T19:00Z,129,127,moderate
2023-01-13T19:30Z,129,125,moderate
2023-01-13T20:00Z,121,121,moderate
2023-01-13T20:30Z,126,123,moderate
2023-01-13T21:00Z,123,114,moderate
2023-01-13T21:30Z,121,120,moderate
2023-01-13T22:00Z,111,118,low
2023-01-13T22:30Z,92,124,low
2023-01-13T23:00Z,86,111,low
2023-01-13T23:30Z,86,88,low
2023-01-14T00:00Z,84,83,low
2023-01-14T00:30Z,76,81,low
2023-01-14T01:00Z,74,81,low
2023-01-14T01:30Z,69,79,low
2023-01-14T02:00Z,69,79,low
2023-01-14T02:30Z,70,82,low
2023-01-14T03:00Z,70,66,low
2023-01-14T03:30Z,75,67,low
2023-01-14T04:00Z,75,67,low
2023-01-14T04:30Z,66,66,low
2023-01-14T05:00Z,67,71,low
2023-01-14T05:30Z,73,68,low
2023-01-14T06:00Z,73,67,low
2023-01-14T06:30Z,68,71,low
2023-01-14T07:00Z,67,74,low
2023-01-14T07:30Z,68,72,low
2023-01-14T08:00Z,65,82,low
2023-01-14T08:30Z,71,71,low
2023-01-14T09:00Z,66,70,low
2023-01-14T09:30Z,65,69,low
2023-01-14T10:00Z,62,65,low
2023-01-14T10:30Z,60,64,low
2023-01-14T11:00Z,61,60,low
2023-01-14T11:30Z,62,60,low
2023-01-14T12:00Z,60,61,low
2023-01-14T12:30Z,61,64,low
2023-01-14T13:00Z,59,59,low
2023-01-14T13:30Z,57,59,low
2023-01-14T14:00Z,53,63,low
2023-01-14T14:30Z,50,42,low
2023-01-14T15:00Z,52,53,low
2023-01-14T15:30Z,49,66,low
2023-01-14T16:00Z,48,59,low
2023-01-14T16:30Z,55,49,low
2023-01-14T17:00Z,65,50,low
2023-01-14T17:30Z,73,41,low
2023-01-14T18:00Z,75,62,low
2023-01-14T18:30Z,74,70,low
2023-01-14T19:00Z,69,73,low
2023-01-14T19:30Z,62,68,low
2023-01-14T20:00Z,57,64,low
2023-01-14T20:30Z,62,65,low
2023-01-14T21:00Z,56,59,low
2023-01-14T21:30Z,53,56,low
2023-01-14T22:00Z,51,56,low
2023-01-14T22:30Z,56,57,low
2023-01-14T23:00Z,53,45,low
2023-01-14T23:30Z,52,55,low
2023-01-15T00:00Z,50,53,low
2023-01-15T00:30Z,56,52,low
2023-01-15T01:00Z,57,51,low
2023-01-15T01:30Z,54,50,low
2023-01-15T02:00Z,56,56,low
2023-01-15T02:30Z,64,57,low
2023-01-15T03:00Z,64,56,low
2023-01-15T03:30Z,71,56,low
2023-01-15T04:00Z,73,64,low
2023-01-15T04:30Z,64,69,low
2023-01-15T05:00Z,65,73,low
2023-01-15T05:30Z,65,67,low
2023-01-15T06:00Z,64,62,low
2023-01-15T06:30Z,67,66,low
2023-01-15T07:00Z,67,66,low
2023-01-15T07:30Z,63,69,low
2023-01-15T08:00Z,69,65,low
2023-01-15T08:30Z,72,58,low
2023-01-15T09:00Z,75,66,low
2023-01-15T09:30Z,65,70,low
2023-01-15T10:00Z,64,71,low
2023-01-15T10:30Z,69,66,low
2023-01-15T11:00Z,77,67,low
2023-01-15T11:30Z,78,66,low
2023-01-15T12:00Z,84,75,low
2023-01-15T12:30Z,94,78,low
2023-01-15T13:00Z,100,81,low
2023-01-15T13:30Z,103,90,low
2023-01-15T14:00Z,111,96,low
2023-01-15T14:30Z,119,110,low
2023-01-15T15:00Z,129,121,moderate
2023-01-15T15:30Z,145,148,moderate
2023-01-15T16:00Z,161,155,moderate
2023-01-15T16:30Z,175,157,moderate
2023-01-15T17:00Z,185,170,moderate
2023-01-15T17:30Z,189,179,moderate
2023-01-15T18:00Z,193,188,moderate
2023-01-15T18:30Z,196,192,moderate
2023-01-15T19:00Z,198,196,moderate
2023-01-15T19:30Z,206,202,high
2023-01-15T20:00Z,210,202,high
2023-01-15T20:30Z,205,210,high
2023-01-15T21:00Z,199,215,moderate
2023-01-15T21:30Z,201,214,high
2023-01-15T22:00Z,198,204,moderate
2023-01-15T22:30Z,196,204,moderate
2023-01-15T23:00Z,188,200,moderate
2023-01-15T23:30Z,178,193,moderate
2023-01-16T00:00Z,178,182,moderate
2023-01-16T00:30Z,183,175,moderate
2023-01-16T01:00Z,184,180,moderate
2023-01-16T01:30Z,183,175,moderate
2023-01-16T02:00Z,176,180,moderate
2023-01-16T02:30Z,168,177,moderate
2023-01-16T03:00Z,163,176,moderate
2023-01-16T03:30Z,156,166,moderate
2023-01-16T04:00Z,137,168,moderate
2023-01-16T04:30Z,137,156,moderate
2023-01-16T05:00Z,136,137,moderate
2023-01-16T05:30Z,135,152,moderate
2023-01-16T06:00Z,137,135,moderate
2023-01-16T06:30Z,149,155,moderate
2023-01-16T07:00Z,162,160,moderate
2023-01-16T07:30Z,179,140,moderate
2023-01-16T08:00Z,189,142,moderate
2023-01-16T08:30Z,192,186,moderate
2023-01-16T09:00Z,193,184,moderate
2023-01-16T09:30Z,192,188,moderate
2023-01-16T10:00Z,189,191,moderate
2023-01-16T10:30Z,186,187,moderate
2023-01-16T11:00Z,180,188,moderate
2023-01-16T11:30Z,186,183,moderate
2023-01-16T12:00Z,184,181,moderate
2023-01-16T12:30Z,185,184,moderate
2023-01-16T13:00Z,182,179,moderate
2023-01-16T13:30Z,176,183,moderate
2023-01-16T14:00Z,174,180,moderate
2023-01-16T14:30Z,168,202,moderate
2023-01-16T15:00Z,169,177,moderate
2023-01-16T15:30Z,178,174,moderate
2023-01-16T16:00Z,194,176,moderate
2023-01-16T16:30Z,195,183,moderate
2023-01-16T17:00Z,193,193,moderate
2023-01-16T17:30Z,193,190,moderate
2023-01-16T18:00Z,194,186,moderate
2023-01-16T18:30Z,198,271,moderate
2023-01-16T19:00Z,197,196,moderate
2023-01-16T19:30Z,187,197,moderate
2023-01-16T20:00Z,194,201,moderate
2023-01-16T20:30Z,204,194,high
2023-01-16T21:00Z,201,196,high
2023-01-16T21:30Z,206,208,high
2023-01-16T22:00Z,202,208,high
2023-01-16T22:30Z,193,216,moderate
2023-01-16T23:00Z,190,185,moderate
2023-01-16T23:30Z,182,177,moderate
2023-01-17T00:00Z,184,192,moderate
2023-01-17T00:30Z,196,191,moderate
2023-01-17T01:00Z,202,191,high
2023-01-17T01:30Z,204,197,high
2023-01-17T02:00Z,198,202,moderate
2023-01-17T02:30Z,192,219,moderate
2023-01-17T03:00Z,189,217,moderate
2023-01-17T03:30Z,187,192,moderate
2023-01-17T04:00Z,182,185,moderate
2023-01-17T04:30Z,195,187,moderate
2023-01-17T05:00Z,199,188,moderate
2023-01-17T05:30Z,217,196,high
2023-01-17T06:00Z,228,217,high
2023-01-17T06:30Z,243,220,high
2023-01-17T07:00Z,251,231,high
2023-01-17T07:30Z,244,214,high
2023-01-17T08:00Z,244,247,high
2023-01-17T08:30Z,239,239,high
2023-01-17T09:00Z,236,223,high
2023-01-17T09:30Z,231,234,high
2023-01-17T10:00Z,230,241,high
2023-01-17T10:30Z,231,232,high
2023-01-17T11:00Z,225,227,high
2023-01-17T11:30Z,215,231,high
2023-01-17T12:00Z,206,217,high
2023-01-17T12:30Z,208,218,high
2023-01-17T13:00Z,204,210,high
2023-01-17T13:30Z,207,216,high
2023-01-17T14:00Z,208,217,high
2023-01-17T14:30Z,220,213,high
2023-01-17T15:00Z,224,215,high
2023-01-17T15:30Z,222,224,high
2023-01-17T16:00Z,225,227,high
2023-01-17T16:30Z,222,219,high
2023-01-17T17:00Z,221,213,high
2023-01-17T17:30Z,216,215,high
2023-01-17T18:00Z,217,218,high
2023-01-17T18:30Z,221,219,high
2023-01-17T19:00Z,215,215,high
2023-01-17T19:30Z,212,217,high
2023-01-17T20:00Z,206,208,high
2023-01-17T20:30Z,210,205,high
2023-01-17T21:00Z,203,205,high
2023-01-17T21:30Z,193,193,moderate
2023-01-17T22:00Z,175,192,moderate
2023-01-17T22:30Z,166,168,moderate
2023-01-17T23:00Z,144,169,moderate
2023-01-17T23:30Z,122,160,moderate
2023-01-18T00:00Z,111,124,low
2023-01-18T00:30Z,104,105,low
2023-01-18T01:00Z,110,95,low
2023-01-18T01:30Z,109,93,low
2023-01-18T02:00Z,100,94,low
2023-01-18T02:30Z,95,104,low
2023-01-18T03:00Z,93,94,low
2023-01-18T03:30Z,99,89,low
2023-01-18T04:00Z,96,88,low
2023-01-18T04:30Z,101,96,low
2023-01-18T05:00Z,104,102,low
2023-01-18T05:30Z,116,103,low
2023-01-18T06:00Z,122,104,moderate
2023-01-18T06:30Z,147,113,moderate
2023-01-18T07:00Z,163,123,moderate
2023-01-18T07:30Z,180,151,moderate
2023-01-18T08:00Z,191,166,moderate
2023-01-18T08:30Z,196,170,moderate
2023-01-18T09:00Z,194,186,moderate
2023-01-18T09:30Z,193,189,moderate
2023-01-18T10:00Z,191,182,moderate
2023-01-18T10:30Z,188,185,moderate
2023-01-18T11:00Z,186,184,moderate
2023-01-18T11:30Z,180,177,moderate
2023-01-18T12:00Z,178,178,moderate
2023-01-18T12:30Z,176,178,moderate
2023-01-18T13:00Z,175,176,moderate
2023-01-18T13:30Z,177,177,moderate
2023-01-18T14:00Z,180,177,moderate
2023-01-18T14:30Z,196,180,moderate
2023-01-18T15:00Z,204,185,high
2023-01-18T15:30Z,199,185,moderate
2023-01-18T16:00Z,201,196,high
2023-01-18T16:30Z,201,205,high
2023-01-18T17:00Z,207,205,high
2023-01-18T17:30Z,206,200,high
2023-01-18T18:00Z,199,202,moderate
2023-01-18T18:30Z,196,200,moderate
2023-01-18T19:00Z,205,198,high
2023-01-18T19:30Z,204,191,high
2023-01-18T20:00Z,200,189,high
2023-01-18T20:30Z,199,198,moderate
2023-01-18T21:00Z,199,190,moderate
2023-01-18T21:30Z,196,185,moderate
2023-01-18T22:00Z,179,189,moderate
2023-01-18T22:30Z,167,193,moderate
2023-01-18T23:00Z,165,181,moderate
2023-01-18T23:30Z,165,169,moderate
2023-01-19T00:00Z,163,166,moderate
2023-01-19T00:30Z,163,161,moderate
2023-01-19T01:00Z,167,156,moderate
2023-01-19T01:30Z,163,160,moderate
2023-01-19T02:00Z,164,157,moderate
2023-01-19T02:30Z,168,157,moderate
2023-01-19T03:00Z,170,162,moderate
2023-01-19T03:30Z,172,163,moderate
2023-01-19T04:00Z,176,157,moderate
2023-01-19T04:30Z,184,166,moderate
2023-01-19T05:00Z,183,172,moderate
2023-01-19T05:30Z,185,177,moderate
2023-01-19T06:00Z,198,183,moderate
2023-01-19T06:30Z,217,196,high
2023-01-19T07:00Z,229,207,high
2023-01-19T07:30Z,238,229,high
2023-01-19T08:00Z,238,237,high
2023-01-19T08:30Z,243,237,high
2023-01-19T09:00Z,243,231,high
2023-01-19T09:30Z,238,239,high
2023-01-19T10:00Z,234,239,high
2023-01-19T10:30Z,228,234,high
2023-01-19T11:00Z,225,229,high
2023-01-19T11:30Z,219,224,high
2023-01-19T12:00Z,216,220,high
2023-01-19T12:30Z,217,219,high
2023-01-19T13:00Z,213,218,high
2023-01-19T13:30Z,213,220,high
2023-01-19T14:00Z,217,216,high
2023-01-19T14:30Z,222,215,high
2023-01-19T15:00Z,225,214,high
2023-01-19T15:30Z,223,224,high
2023-01-19T16:00Z,228,227,high
2023-01-19T16:30Z,228,229,high
2023-01-19T17:00Z,226,225,high
2023-01-19T17:30Z,230,223,high
2023-01-19T18:00Z,225,222,high
2023-01-19T18:30Z,223,225,high
2023-01-19T19:00Z,222,221,high
2023-01-19T19:30Z,220,220,high
2023-01-19T20:00Z,220,221,high
2023-01-19T20:30Z,220,212,high
2023-01-19T21:00Z,214,214,high
2023-01-19T21:30Z,205,212,high
2023-01-19T22:00Z,194,204,moderate
2023-01-19T22:30Z,187,195,moderate
2023-01-19T23:00Z,180,190,moderate
2023-01-19T23:30Z,168,185,moderate
2023-01-20T00:00Z,161,186,moderate
2023-01-20T00:30Z,162,168,moderate
2023-01-20T01:00Z,166,167,moderate
2023-01-20T01:30Z,165,168,moderate
2023-01-20T02:00Z,163,170,moderate
2023-01-20T02:30Z,151,182,moderate
2023-01-20T03:00Z,148,163,moderate
2023-01-20T03:30Z,146,153,moderate
2023-01-20T04:00Z,144,149,moderate
2023-01-20T04:30Z,159,148,moderate
2023-01-20T05:00Z,164,139,moderate
2023-01-20T05:30Z,176,160,moderate
2023-01-20T06:00Z,191,168,moderate
2023-01-20T06:30Z,210,209,high
2023-01-20T07:00Z,222,200,high
2023-01-20T07:30Z,231,216,high
2023-01-20T08:00Z,237,231,high
2023-01-20T08:30Z,236,232,high
2023-01-20T09:00Z,235,238,high
2023-01-20T09:30Z,232,238,high
2023-01-20T10:00Z,229,222,high
2023-01-20T10:30Z,224,228,high
2023-01-20T11:00Z,220,224,high
2023-01-20T11:30Z,217,236,high
2023-01-20T12:00Z,215,219,high
2023-01-20T12:30Z,218,225,high
2023-01-20T13:00Z,219,219,high
2023-01-20T13:30Z,225,219,high
2023-01-20T14:00Z,226,225,high
2023-01-20T14:30Z,224,222,high
2023-01-20T15:00Z,229,239,high
2023-01-20T15:30Z,229,241,high
2023-01-20T16:00Z,237,234,high
2023-01-20T16:30Z,239,243,high
2023-01-20T17:00Z,238,244,high
2023-01-20T17:30Z,232,236,high
2023-01-20T18:00Z,237,234,high
2023-01-20T18:30Z,239,232,high
2023-01-20T19:00Z,234,236,high
2023-01-20T19:30Z,231,238,high
2023-01-20T20:00Z,231,235,high
2023-01-20T20:30Z,239,234,high
2023-01-20T21:00Z,235,232,high
2023-01-20T21:30Z,230,235,high
2023-01-20T22:00Z,226,228,high
2023-01-20T22:30Z,225,222,high
2023-01-20T23:00Z,217,222,high
2023-01-20T23:30Z,192,218,moderate
2023-01-21T00:00Z,185,213,moderate
2023-01-21T00:30Z,181,198,moderate
2023-01-21T01:00Z,185,197,moderate
2023-01-21T01:30Z,182,196,moderate
2023-01-21T02:00Z,178,192,moderate
2023-01-21T02:30Z,178,194,moderate
2023-01-21T03:00Z,178,191,moderate
2023-01-21T03:30Z,179,188,moderate
2023-01-21T04:00Z,180,180,moderate
2023-01-21T04:30Z,184,177,moderate
2023-01-21T05:00Z,183,183,moderate
2023-01-21T05:30Z,187,179,moderate
2023-01-21T06:00Z,185,190,moderate
2023-01-21T06:30Z,187,190,moderate
2023-01-21T07:00Z,197,192,moderate
2023-01-21T07:30Z,215,197,high
2023-01-21T08:00Z,215,201,high
2023-01-21T08:30Z,213,208,high
2023-01-21T09:00Z,214,220,high
2023-01-21T09:30Z,201,214,high
2023-01-21T10:00Z,198,215,moderate
2023-01-21T10:30Z,194,200,moderate
2023-01-21T11:00Z,187,196,moderate
2023-01-21T11:30Z,184,193,moderate
2023-01-21T12:00Z,179,188,moderate
2023-01-21T12:30Z,180,185,moderate
2023-01-21T13:00Z,178,182,moderate
2023-01-21T13:30Z,183,183,moderate
2023-01-21T14:00Z,184,183,moderate
2023-01-21T14:30Z,184,190,moderate
2023-01-21T15:00Z,189,191,moderate
2023-01-21T15:30Z,195,191,moderate
2023-01-21T16:00Z,206,198,high
2023-01-21T16:30Z,209,205,high
2023-01-21T17:00Z,210,226,high
2023-01-21T17:30Z,207,232,high
2023-01-21T18:00Z,209,231,high
2023-01-21T18:30Z,211,208,high
2023-01-21T19:00Z,211,208,high
2023-01-21T19:30Z,213,211,high
2023-01-21T20:00Z,210,197,high
2023-01-21T20:30Z,203,209,high
2023-01-21T21:00Z,198,209,moderate
2023-01-21T21:30Z,197,210,moderate
2023-01-21T22:00Z,189,196,moderate
2023-01-21T22:30Z,194,189,moderate
2023-01-21T23:00Z,186,193,moderate
2023-01-21T23:30Z,163,188,moderate
2023-01-22T00:00Z,152,181,moderate
2023-01-22T00:30Z,138,165,moderate
2023-01-22T01:00Z,145,155,moderate
2023-01-22T01:30Z,142,142,moderate
2023-01-22T02:00Z,139,147,moderate
2023-01-22T02:30Z,140,147,moderate
2023-01-22T03:00Z,140,142,moderate
2023-01-22T03:30Z,139,146,moderate
2023-01-22T04:00Z,135,149,moderate
2023-01-22T04:30Z,139,149,moderate
2023-01-22T05:00Z,139,141,moderate
2023-01-22T05:30Z,140,143,moderate
2023-01-22T06:00Z,140,142,moderate
2023-01-22T06:30Z,155,143,moderate
2023-01-22T07:00Z,161,141,moderate
2023-01-22T07:30Z,175,161,moderate
2023-01-22T08:00Z,182,172,moderate
2023-01-22T08:30Z,194,168,moderate
2023-01-22T09:00Z,201,185,high
2023-01-22T09:30Z,189,197,moderate
2023-01-22T10:00Z,190,196,moderate
2023-01-22T10:30Z,186,197,moderate
2023-01-22T11:00Z,184,189,moderate
2023-01-22T11:30Z,182,187,moderate
2023-01-22T12:00Z,188,187,moderate
2023-01-22T12:30Z,189,189,moderate
2023-01-22T13:00Z,188,200,moderate
2023-01-22T13:30Z,192,200,moderate
2023-01-22T14:00Z,200,196,high
2023-01-22T14:30Z,210,200,high
2023-01-22T15:00Z,216,209,high
2023-01-22T15:30Z,215,218,high
2023-01-22T16:00Z,222,225,high
2023-01-22T16:30Z,224,223,high
2023-01-22T17:00Z,225,227,high
2023-01-22T17:30Z,225,226,high
2023-01-22T18:00Z,227,229,high
2023-01-22T18:30Z,230,227,high
2023-01-22T19:00Z,227,230,high
2023-01-22T19:30Z,234,233,high
2023-01-22T20:00Z,239,234,high
2023-01-22T20:30Z,239,242,high
2023-01-22T21:00Z,238,244,high
2023-01-22T21:30Z,239,237,high
2023-01-22T22:00Z,235,234,high
2023-01-22T22:30Z,237,236,high
2023-01-22T23:00Z,231,237,high
2023-01-22T23:30Z,219,231,high
2023-01-23T00:00Z,219,232,high
2023-01-23T00:30Z,226,224,high
2023-01-23T01:00Z,229,223,high
2023-01-23T01:30Z,225,222,high
2023-01-23T02:00Z,223,221,high
2023-01-23T02:30Z,225,223,high
2023-01-23T03:00Z,223,220,high
2023-01-23T03:30Z,218,219,high
2023-01-23T04:00Z,218,228,high
2023-01-23T04:30Z,226,218,high
2023-01-23T05:00Z,223,219,high
2023-01-23T05:30Z,218,224,high
2023-01-23T06:00Z,226,235,high
2023-01-23T06:30Z,243,236,high
2023-01-23T07:00Z,258,233,high
2023-01-23T07:30Z,263,249,high
2023-01-23T08:00Z,263,254,high
2023-01-23T08:30Z,264,257,high
2023-01-23T09:00Z,261,260,high
2023-01-23T09:30Z,251,260,high
2023-01-23T10:00Z,250,256,high
2023-01-23T10:30Z,246,249,high
2023-01-23T11:00Z,244,246,high
2023-01-23T11:30Z,239,245,high
2023-01-23T12:00Z,238,240,high
2023-01-23T12:30Z,237,241,high
2023-01-23T13:00Z,235,244,high
2023-01-23T13:30Z,238,236,high
2023-01-23T14:00Z,245,238,high
2023-01-23T14:30Z,247,242,high
2023-01-23T15:00Z,250,246,high
2023-01-23T15:30Z,247,249,high
2023-01-23T16:00Z,249,254,high
2023-01-23T16:30Z,252,256,high
2023-01-23T17:00Z,253,255,high
2023-01-23T17:30Z,250,252,high
2023-01-23T18:00Z,252,253,high
2023-01-23T18:30Z,252,252,high
2023-01-23T19:00Z,253,254,high
2023-01-23T19:30Z,256,255,high
2023-01-23T20:00Z,255,255,high
2023-01-23T20:30Z,258,259,high
2023-01-23T21:00Z,252,257,high
2023-01-23T21:30Z,258,260,high
2023-01-23T22:00Z,253,250,high
2023-01-23T22:30Z,252,246,high
2023-01-23T23:00Z,246,236,high
2023-01-23T23:30Z,236,241,high
2023-01-24T00:00Z,235,246,high
2023-01-24T00:30Z,233,248,high
2023-01-24T01:00Z,238,245,high
2023-01-24T01:30Z,240,231,high
2023-01-24T02:00Z,237,236,high
2023-01-24T02:30Z,232,226,high
2023-01-24T03:00Z,231,230,high
2023-01-24T03:30Z,234,230,high
2023-01-24T04:00Z,227,231,high
2023-01-24T04:30Z,229,231,high
2023-01-24T05:00Z,232,229,high
2023-01-24T05:30Z,249,243,high
2023-01-24T06:00Z,254,242,high
2023-01-24T06:30Z,263,252,high
2023-01-24T07:00Z,272,262,high
2023-01-24T07:30Z,272,260,high
2023-01-24T08:00Z,273,269,high
2023-01-24T08:30Z,267,245,high
2023-01-24T09:00Z,266,269,high
2023-01-24T09:30Z,261,262,high
2023-01-24T10:00Z,255,260,high
2023-01-24T10:30Z,244,256,high
2023-01-24T11:00Z,239,251,high
2023-01-24T11:30Z,60,243,low
2023-01-24T12:00Z,236,238,high
2023-01-24T12:30Z,238,237,high
2023-01-24T13:00Z,239,241,high
2023-01-24T13:30Z,237,242,high
2023-01-24T14:00Z,241,242,high
2023-01-24T14:30Z,247,240,high
2023-01-24T15:00Z,250,244,high
2023-01-24T15:30Z,251,246,high
2023-01-24T16:00Z,250,253,high
2023-01-24T16:30Z,255,256,high
2023-01-24T17:00Z,254,256,high
2023-01-24T17:30Z,254,260,high
2023-01-24T18:00Z,255,249,high
2023-01-24T18:30Z,256,250,high
2023-01-24T19:00Z,255,250,high
2023-01-24T19:30Z,258,257,high
2023-01-24T20:00Z,258,254,high
2023-01-24T20:30Z,266,246,high
2023-01-24T21:00Z,261,254,high
2023-01-24T21:30Z,255,243,high
2023-01-24T22:00Z,251,250,high
2023-01-24T22:30Z,245,248,high
2023-01-24T23:00Z,236,234,high
2023-01-24T23:30Z,221,237,high
2023-01-25T00:00Z,218,230,high
2023-01-25T00:30Z,218,230,high
2023-01-25T01:00Z,219,229,high
2023-01-25T01:30Z,217,219,high
2023-01-25T02:00Z,215,210,high
2023-01-25T02:30Z,211,211,high
2023-01-25T03:00Z,210,207,high
2023-01-25T03:30Z,208,197,high
2023-01-25T04:00Z,204,203,high
2023-01-25T04:30Z,210,218,high
2023-01-25T05:00Z,212,206,high
2023-01-25T05:30Z,212,213,high
2023-01-25T06:00Z,216,223,high
2023-01-25T06:30Z,224,294,high
2023-01-25T07:00Z,234,223,high
2023-01-25T07:30Z,235,225,high
2023-01-25T08:00Z,235,235,high
2023-01-25T08:30Z,231,221,high
2023-01-25T09:00Z,227,236,high
2023-01-25T09:30Z,229,227,high
2023-01-25T10:00Z,231,219,high
2023-01-25T10:30Z,226,222,high
2023-01-25T11:00Z,221,193,high
2023-01-25T11:30Z,219,215,high
2023-01-25T12:00Z,221,206,high
2023-01-25T12:30Z,224,207,high
2023-01-25T13:00Z,229,211,high
2023-01-25T13:30Z,232,209,high
2023-01-25T14:00Z,227,220,high
2023-01-25T14:30Z,225,229,high
2023-01-25T15:00Z,229,233,high
2023-01-25T15:30Z,235,230,high
2023-01-25T16:00Z,235,219,high
2023-01-25T16:30Z,230,225,high
2023-01-25T17:00Z,227,222,high
2023-01-25T17:30Z,223,212,high
2023-01-25T18:00Z,217,206,high
2023-01-25T18:30Z,211,202,high
2023-01-25T19:00Z,210,207,high
2023-01-25T19:30Z,210,183,high
2023-01-25T20:00Z,204,170,high
2023-01-25T20:30Z,202,162,high
2023-01-25T21:00Z,196,184,moderate
2023-01-25T21:30Z,192,191,moderate
2023-01-25T22:00Z,181,191,moderate
2023-01-25T22:30Z,177,184,moderate
2023-01-25T23:00Z,169,165,moderate
2023-01-25T23:30Z,154,181,moderate
2023-01-26T00:00Z,151,166,moderate
2023-01-26T00:30Z,152,158,moderate
2023-01-26T01:00Z,157,153,moderate
2023-01-26T01:30Z,155,146,moderate
2023-01-26T02:00Z,151,145,moderate
2023-01-26T02:30Z,148,151,moderate
2023-01-26T03:00Z,149,139,moderate
2023-01-26T03:30Z,149,147,moderate
2023-01-26T04:00Z,146,146,moderate
2023-01-26T04:30Z,147,154,moderate
2023-01-26T05:00Z,152,147,moderate
2023-01-26T05:30Z,167,147,moderate
2023-01-26T06:00Z,176,160,moderate
2023-01-26T06:30Z,198,179,moderate
2023-01-26T07:00Z,210,189,high
2023-01-26T07:30Z,216,217,high
2023-01-26T08:00Z,222,220,high
2023-01-26T08:30Z,219,232,high
2023-01-26T09:00Z,219,245,high
2023-01-26T09:30Z,221,216,high
2023-01-26T10:00Z,221,213,high
2023-01-26T10:30Z,225,216,high
2023-01-26T11:00Z,228,224,high
2023-01-26T11:30Z,225,224,high
2023-01-26T12:00Z,223,219,high
2023-01-26T12:30Z,225,216,high
2023-01-26T13:00Z,226,214,high
2023-01-26T13:30Z,226,217,high
2023-01-26T14:00Z,,214,high
2023-01-26T14:30Z,,225,high
2023-01-26T15:00Z,,223,high
2023-01-26T15:30Z,,218,high
2023-01-26T16:00Z,,212,high
2023-01-26T16:30Z,228,214,high
2023-01-26T17:00Z,229,219,high
2023-01-26T17:30Z,229,220,high
2023-01-26T18:00Z,231,221,high
2023-01-26T18:30Z,234,221,high
2023-01-26T19:00Z,238,222,high
2023-01-26T19:30Z,239,222,high
2023-01-26T20:00Z,238,221,high
2023-01-26T20:30Z,241,223,high
2023-01-26T21:00Z,239,223,high
2023-01-26T21:30Z,240,209,high
2023-01-26T22:00Z,233,199,high
2023-01-26T22:30Z,231,188,high
2023-01-26T23:00Z,220,179,high
2023-01-26T23:30Z,195,165,moderate
2023-01-27T00:00Z,187,159,moderate
2023-01-27T00:30Z,191,157,moderate
2023-01-27T01:00Z,196,158,moderate
2023-01-27T01:30Z,188,157,moderate
2023-01-27T02:00Z,183,156,moderate
2023-01-27T02:30Z,174,156,moderate
2023-01-27T03:00Z,173,163,moderate
2023-01-27T03:30Z,181,170,moderate
2023-01-27T04:00Z,180,176,moderate
2023-01-27T04:30Z,184,181,moderate
2023-01-27T05:00Z,190,181,moderate
2023-01-27T05:30Z,206,186,high
2023-01-27T06:00Z,223,196,high
2023-01-27T06:30Z,251,205,high
2023-01-27T07:00Z,262,219,high
2023-01-27T07:30Z,266,237,high
2023-01-27T08:00Z,269,240,high
2023-01-27T08:30Z,262,246,high
2023-01-27T09:00Z,261,251,high
2023-01-27T09:30Z,260,251,high
2023-01-27T10:00Z,253,249,high
2023-01-27T10:30Z,252,248,high
2023-01-27T11:00Z,250,247,high
2023-01-27T11:30Z,248,246,high
2023-01-27T12:00Z,247,243,high
2023-01-27T12:30Z,247,240,high
2023-01-27T13:00Z,244,239,high
2023-01-27T13:30Z,249,239,high
2023-01-27T14:00Z,246,237,high
2023-01-27T14:30Z,250,238,high
2023-01-27T15:00Z,251,237,high
2023-01-27T15:30Z,245,235,high
2023-01-27T16:00Z,247,237,high
2023-01-27T16:30Z,243,248,high
2023-01-27T17:00Z,245,246,high
2023-01-27T17:30Z,242,246,high
2023-01-27T18:00Z,244,248,high
2023-01-27T18:30Z,249,249,high
2023-01-27T19:00Z,251,248,high
2023-01-27T19:30Z,255,254,high
2023-01-27T20:00Z,256,257,high
2023-01-27T20:30Z,264,264,high
2023-01-27T21:00Z,259,261,high
2023-01-27T21:30Z,267,266,high
2023-01-27T22:00Z,264,264,high
2023-01-27T22:30Z,270,265,high
2023-01-27T23:00Z,262,261,high
2023-01-27T23:30Z,246,253,high
2023-01-28T00:00Z,243,245,high
2023-01-28T00:30Z,242,247,high
2023-01-28T01:00Z,243,246,high
2023-01-28T01:30Z,243,249,high
2023-01-28T02:00Z,242,246,high
2023-01-28T02:30Z,240,246,high
2023-01-28T03:00Z,242,246,high
2023-01-28T03:30Z,241,248,high
2023-01-28T04:00Z,240,247,high
2023-01-28T04:30Z,242,250,high
2023-01-28T05:00Z,238,248,high
2023-01-28T05:30Z,241,252,high
2023-01-28T06:00Z,245,254,high
2023-01-28T06:30Z,250,258,high
2023-01-28T07:00Z,256,254,high
2023-01-28T07:30Z,269,261,high
2023-01-28T08:00Z,270,266,high
2023-01-28T08:30Z,270,269,high
2023-01-28T09:00Z,273,269,high
2023-01-28T09:30Z,262,267,high
2023-01-28T10:00Z,262,271,high
2023-01-28T10:30Z,255,265,high
2023-01-28T11:00Z,254,264,high
2023-01-28T11:30Z,255,257,high
2023-01-28T12:00Z,256,252,high
2023-01-28T12:30Z,256,260,high
2023-01-28T13:00Z,254,262,high
2023-01-28T13:30Z,255,263,high
2023-01-28T14:00Z,255,261,high
2023-01-28T14:30Z,263,258,high
2023-01-28T15:00Z,266,256,high
2023-01-28T15:30Z,268,263,high
2023-01-28T16:00Z,270,272,high
2023-01-28T16:30Z,266,271,high
2023-01-28T17:00Z,259,271,high
2023-01-28T17:30Z,251,274,high
2023-01-28T18:00Z,250,264,high
2023-01-28T18:30Z,252,257,high
2023-01-28T19:00Z,252,254,high
2023-01-28T19:30Z,262,256,high
2023-01-28T20:00Z,256,254,high
2023-01-28T20:30Z,265,264,high
2023-01-28T21:00Z,259,256,high
2023-01-28T21:30Z,256,255,high
2023-01-28T22:00Z,242,246,high
2023-01-28T22:30Z,223,250,high
2023-01-28T23:00Z,210,236,high
2023-01-28T23:30Z,176,219,moderate
2023-01-29T00:00Z,164,203,moderate
2023-01-29T00:30Z,138,176,moderate
2023-01-29T01:00Z,139,159,moderate
2023-01-29T01:30Z,135,143,moderate
2023-01-29T02:00Z,127,138,moderate
2023-01-29T02:30Z,117,135,low
2023-01-29T03:00Z,109,131,low
2023-01-29T03:30Z,100,121,low
2023-01-29T04:00Z,95,110,low
2023-01-29T04:30Z,94,98,low
2023-01-29T05:00Z,94,97,low
2023-01-29T05:30Z,97,97,low
2023-01-29T06:00Z,95,96,low
2023-01-29T06:30Z,100,98,low
2023-01-29T07:00Z,105,96,low
2023-01-29T07:30Z,112,97,low
2023-01-29T08:00Z,110,104,low
2023-01-29T08:30Z,109,106,low
2023-01-29T09:00Z,113,111,low
2023-01-29T09:30Z,112,104,low
2023-01-29T10:00Z,113,109,low
2023-01-29T10:30Z,106,106,low
2023-01-29T11:00Z,102,109,low
2023-01-29T11:30Z,96,106,low
2023-01-29T12:00Z,92,99,low
2023-01-29T12:30Z,84,94,low
2023-01-29T13:00Z,81,89,low
2023-01-29T13:30Z,87,83,low
2023-01-29T14:00Z,87,80,low
2023-01-29T14:30Z,92,86,low
2023-01-29T15:00Z,97,87,low
2023-01-29T15:30Z,98,89,low
2023-01-29T16:00Z,106,91,low
2023-01-29T16:30Z,113,94,low
2023-01-29T17:00Z,121,104,moderate
2023-01-29T17:30Z,117,107,low
2023-01-29T18:00Z,117,110,low
2023-01-29T18:30Z,125,111,moderate
2023-01-29T19:00Z,120,106,moderate
2023-01-29T19:30Z,118,113,low
2023-01-29T20:00Z,112,118,low
2023-01-29T20:30Z,112,118,low
2023-01-29T21:00Z,104,113,low
2023-01-29T21:30Z,97,110,low
2023-01-29T22:00Z,85,101,low
2023-01-29T22:30Z,88,94,low
2023-01-29T23:00Z,83,79,low
2023-01-29T23:30Z,77,85,low
2023-01-30T00:00Z,72,94,low
2023-01-30T00:30Z,76,73,low
2023-01-30T01:00Z,85,76,low
2023-01-30T01:30Z,81,76,low
2023-01-30T02:00Z,74,85,low
2023-01-30T02:30Z,72,82,low
2023-01-30T03:00Z,73,77,low
2023-01-30T03:30Z,74,73,low
2023-01-30T04:00Z,70,75,low
2023-01-30T04:30Z,75,75,low
2023-01-30T05:00Z,78,74,low
2023-01-30T05:30Z,76,75,low
2023-01-30T06:00Z,84,81,low
2023-01-30T06:30Z,109,90,low
2023-01-30T07:00Z,129,84,moderate
2023-01-30T07:30Z,145,106,moderate
2023-01-30T08:00Z,160,125,moderate
2023-01-30T08:30Z,166,137,moderate
2023-01-30T09:00Z,160,157,moderate
2023-01-30T09:30Z,162,164,moderate
2023-01-30T10:00Z,162,155,moderate
2023-01-30T10:30Z,152,156,moderate
2023-01-30T11:00Z,146,156,moderate
2023-01-30T11:30Z,142,147,moderate
2023-01-30T12:00Z,139,142,moderate
2023-01-30T12:30Z,145,145,moderate
2023-01-30T13:00Z,150,148,moderate
2023-01-30T13:30Z,159,151,moderate
2023-01-30T14:00Z,165,155,moderate
2023-01-30T14:30Z,175,164,moderate
2023-01-30T15:00Z,187,181,moderate
2023-01-30T15:30Z,191,191,moderate
2023-01-30T16:00Z,200,205,high
2023-01-30T16:30Z,194,200,moderate
2023-01-30T17:00Z,201,211,high
2023-01-30T17:30Z,206,210,high
2023-01-30T18:00Z,202,202,high
2023-01-30T18:30Z,201,199,high
2023-01-30T19:00Z,198,192,moderate
2023-01-30T19:30Z,201,200,high
2023-01-30T20:00Z,201,190,high
2023-01-30T20:30Z,202,197,high
2023-01-30T21:00Z,193,184,moderate
2023-01-30T21:30Z,180,188,moderate
2023-01-30T22:00Z,169,172,moderate
2023-01-30T22:30Z,161,161,moderate
2023-01-30T23:00Z,143,158,moderate
2023-01-30T23:30Z,112,150,low
2023-01-31T00:00Z,101,137,low
