from,regions.regionid,regions.intensity.forecast,biomass,coal,gas,hydro,imports,nuclear,other,solar,wind
2023-09-01T04:00Z,1,148,0.0,0.0,37.5,30.4,0.0,0.7,0.0,0.0,31.4
2023-09-01T04:00Z,2,21,4.6,0.0,3.8,0.3,0.4,62.3,0.0,0.1,28.5
2023-09-01T04:00Z,3,73,1.3,0.0,18.0,0.1,13.2,52.9,0.0,0.1,14.4
2023-09-01T04:00Z,4,2,0.0,0.0,0.0,0.0,64.5,34.1,0.0,0.1,1.3
2023-09-01T04:00Z,5,256,27.6,0.0,56.6,0.0,8.1,3.6,0.0,0.1,4.0
2023-09-01T04:00Z,6,143,1.7,0.0,35.6,0.1,4.7,37.5,0.0,0.2,20.1
2023-09-01T04:00Z,7,385,0.0,0.0,97.7,0.0,0.0,0.0,0.0,0.1,2.1
2023-09-01T04:00Z,8,206,2.9,0.0,51.3,0.0,6.5,27.5,0.0,0.2,11.6
2023-09-01T04:00Z,9,323,12.8,0.0,78.1,0.0,3.8,1.6,0.0,0.1,3.6
2023-09-01T04:00Z,10,177,4.7,0.0,43.5,0.0,1.4,41.7,0.0,0.1,8.7
2023-09-01T04:00Z,11,365,0.9,0.0,92.3,0.0,0.6,2.2,0.0,0.7,3.4
2023-09-01T04:00Z,12,310,6.5,0.0,76.5,0.0,4.3,7.5,0.0,0.2,5.0
2023-09-01T04:00Z,13,250,4.1,0.0,62.1,0.5,2.4,23.6,0.0,0.1,7.2
2023-09-01T04:00Z,14,315,1.7,0.0,79.1,1.4,2.7,9.3,0.0,0.1,5.7
2023-09-01T04:00Z,15,231,6.6,0.0,56.6,0.5,7.6,21.2,0.0,0.1,7.4
2023-09-01T04:00Z,16,37,4.5,0.0,8.0,7.3,0.0,48.9,0.0,0.2,31.2
2023-09-01T04:00Z,17,332,0.4,0.0,84.2,0.8,0.0,4.5,0.0,0.3,9.9
2023-09-01T04:00Z,18,219,6.0,0.0,53.7,1.2,6.4,22.8,0.0,0.1,9.7
2023-09-01T04:30Z,1,127,0.0,0.0,32.2,36.0,0.0,2.8,0.0,0.0,29.0
2023-09-01T04:30Z,2,19,4.4,0.0,3.5,0.2,1.3,60.3,0.0,0.0,30.3
2023-09-01T04:30Z,3,81,1.7,0.0,20.0,0.0,13.3,50.5,0.0,0.0,14.4
2023-09-01T04:30Z,4,2,0.0,0.0,0.0,0.0,64.0,34.6,0.0,0.0,1.4
2023-09-01T04:30Z,5,267,25.9,0.0,59.9,0.0,6.8,3.0,0.0,0.0,4.5
2023-09-01T04:30Z,6,134,1.9,0.0,33.4,0.1,5.5,37.6,0.0,0.0,21.5
2023-09-01T04:30Z,7,384,0.0,0.0,97.5,0.0,0.0,0.0,0.0,0.0,2.5
2023-09-01T04:30Z,8,212,3.4,0.0,52.7,0.0,6.7,25.4,0.0,0.0,11.7
2023-09-01T04:30Z,9,331,11.5,0.0,80.4,0.0,3.0,1.3,0.0,0.0,3.7
2023-09-01T04:30Z,10,181,4.2,0.0,44.7,0.0,1.1,41.1,0.0,0.0,8.9
2023-09-01T04:30Z,11,340,2.3,0.0,85.1,0.0,5.1,3.1,0.0,0.0,4.4
2023-09-01T04:30Z,12,296,5.5,0.0,72.1,0.0,12.3,5.9,0.0,0.0,4.2
2023-09-01T04:30Z,13,248,3.4,0.0,61.2,0.6,6.1,22.0,0.0,0.0,6.8
2023-09-01T04:30Z,14,304,1.0,0.0,75.7,1.6,9.6,7.1,0.0,0.0,4.9
2023-09-01T04:30Z,15,230,6.1,0.0,56.0,0.6,9.6,20.2,0.0,0.0,7.5
2023-09-01T04:30Z,16,35,4.3,0.0,7.5,9.8,0.0,47.2,0.0,0.0,31.3
2023-09-01T04:30Z,17,331,0.5,0.0,83.9,0.9,0.0,3.7,0.0,0.0,11.0
2023-09-01T04:30Z,18,217,5.6,0.0,52.9,1.5,8.1,21.8,0.0,0.0,10.0
2023-09-01T05:00Z,1,110,0.2,0.0,27.9,38.5,0.1,3.6,0.0,0.0,29.7
2023-09-01T05:00Z,2,19,4.8,0.0,3.3,0.0,1.7,59.6,0.0,0.1,30.5
2023-09-01T05:00Z,3,92,1.7,0.0,22.7,0.0,12.6,49.3,0.0,0.0,13.6
2023-09-01T05:00Z,4,2,0.0,0.0,0.0,0.0,63.8,34.8,0.0,0.0,1.5
2023-09-01T05:00Z,5,275,24.8,0.0,62.1,0.0,5.9,2.4,0.0,0.0,4.9
2023-09-01T05:00Z,6,155,1.8,0.0,38.8,0.0,5.1,34.7,0.0,0.2,19.4
2023-09-01T05:00Z,7,385,0.0,0.0,97.8,0.0,0.0,0.0,0.0,0.1,2.1
2023-09-01T05:00Z,8,230,3.2,0.0,57.2,0.0,6.1,22.7,0.0,0.1,10.6
2023-09-01T05:00Z,9,335,11.0,0.0,81.6,0.0,2.6,1.0,0.0,0.1,3.7
2023-09-01T05:00Z,10,192,3.9,0.0,47.5,0.0,0.9,39.4,0.0,0.1,8.2
2023-09-01T05:00Z,11,341,2.3,0.0,85.2,0.0,5.4,2.3,0.0,0.7,4.2
2023-09-01T05:00Z,12,301,5.2,0.0,73.4,0.0,12.3,4.9,0.0,0.2,4.0
2023-09-01T05:00Z,13,258,3.2,0.0,63.9,0.5,6.2,19.7,0.0,0.1,6.4
2023-09-01T05:00Z,14,312,1.0,0.0,77.7,1.3,9.9,5.2,0.0,0.1,4.8
2023-09-01T05:00Z,15,240,5.9,0.0,58.6,0.5,9.3,18.8,0.0,0.1,6.7
2023-09-01T05:00Z,16,33,4.5,0.0,7.1,11.1,0.0,44.0,0.0,0.1,33.2
2023-09-01T05:00Z,17,341,0.4,0.0,86.3,0.7,0.0,2.5,0.0,0.1,9.9
2023-09-01T05:00Z,18,224,5.4,0.0,54.8,1.6,7.8,20.5,0.0,0.1,9.7
2023-09-01T05:30Z,1,93,0.4,0.0,23.4,41.6,0.2,4.3,0.0,0.0,30.1
2023-09-01T05:30Z,2,19,5.0,0.0,3.3,0.0,2.9,56.4,0.0,0.1,32.3
2023-09-01T05:30Z,3,100,2.0,0.0,24.8,0.0,11.7,48.9,0.0,0.0,12.5
2023-09-01T05:30Z,4,2,0.0,0.0,0.0,0.0,65.1,33.3,0.0,0.0,1.6
2023-09-01T05:30Z,5,284,23.9,0.0,64.7,0.0,4.2,1.7,0.0,0.0,5.4
2023-09-01T05:30Z,6,164,1.8,0.0,41.2,0.0,5.1,33.2,0.0,0.2,18.6
2023-09-01T05:30Z,7,386,0.0,0.0,97.9,0.0,0.0,0.0,0.0,0.1,2.0
2023-09-01T05:30Z,8,244,3.4,0.0,61.0,0.0,5.5,20.4,0.0,0.1,9.6
2023-09-01T05:30Z,9,341,10.1,0.0,83.5,0.0,1.8,0.7,0.0,0.1,3.8
2023-09-01T05:30Z,10,195,3.4,0.0,48.4,0.0,0.6,39.2,0.0,0.1,8.4
2023-09-01T05:30Z,11,332,2.1,0.0,82.4,0.0,9.2,1.6,0.0,0.9,3.8
2023-09-01T05:30Z,12,288,4.3,0.0,69.5,0.0,18.9,3.9,0.0,0.2,3.1
2023-09-01T05:30Z,13,253,2.4,0.0,61.9,0.6,11.4,17.8,0.0,0.1,5.8
2023-09-01T05:30Z,14,292,0.4,0.0,71.4,1.4,19.8,3.3,0.0,0.1,3.7
2023-09-01T05:30Z,15,239,5.6,0.0,58.2,0.6,11.4,17.7,0.0,0.1,6.4
2023-09-01T05:30Z,16,31,4.3,0.0,6.4,12.6,0.0,42.4,0.0,0.1,34.1
2023-09-01T05:30Z,17,346,0.3,0.0,87.7,0.8,0.0,1.9,0.0,0.1,9.2
2023-09-01T05:30Z,18,223,5.1,0.0,54.4,1.9,9.5,19.5,0.0,0.1,9.5
2023-09-01T06:00Z,1,101,0.1,0.0,25.6,39.3,0.0,7.3,0.0,0.0,27.7
2023-09-01T06:00Z,2,19,5.3,0.0,3.3,0.0,2.6,55.1,0.0,0.6,33.2
2023-09-01T06:00Z,3,101,2.2,0.0,24.8,0.0,11.8,47.8,0.0,0.2,13.2
2023-09-01T06:00Z,4,2,0.0,0.0,0.0,0.0,65.2,33.0,0.0,0.1,1.7
2023-09-01T06:00Z,5,287,22.9,0.0,65.8,0.0,3.7,1.3,0.0,0.1,6.3
2023-09-01T06:00Z,6,143,2.2,0.0,35.6,0.0,5.6,34.3,0.0,1.6,20.7
2023-09-01T06:00Z,7,384,0.0,0.0,97.4,0.0,0.0,0.0,0.0,0.4,2.1
2023-09-01T06:00Z,8,241,3.6,0.0,60.1,0.0,5.6,19.8,0.0,0.8,10.1
2023-09-01T06:00Z,9,340,9.9,0.0,83.2,0.0,1.6,0.5,0.0,0.4,4.4
2023-09-01T06:00Z,10,200,3.4,0.0,49.9,0.0,0.6,36.8,0.0,0.6,8.9
2023-09-01T06:00Z,11,323,1.7,0.0,80.5,0.0,7.3,1.0,0.0,6.0,3.5
2023-09-01T06:00Z,12,285,4.2,0.0,68.7,0.0,18.7,3.3,0.0,1.7,3.3
2023-09-01T06:00Z,13,260,2.2,0.0,63.7,0.6,11.3,15.6,0.0,0.8,5.8
2023-09-01T06:00Z,14,300,0.3,0.0,73.7,1.3,18.6,2.0,0.0,0.6,3.5
2023-09-01T06:00Z,15,239,5.4,0.0,58.4,0.5,11.1,16.9,0.0,0.9,6.9
2023-09-01T06:00Z,16,29,4.3,0.0,6.1,13.1,0.0,42.1,0.0,0.5,33.9
2023-09-01T06:00Z,17,349,0.3,0.0,88.5,0.5,0.0,1.0,0.0,0.8,8.9
2023-09-01T06:00Z,18,223,5.0,0.0,54.4,1.9,9.3,18.7,0.0,0.8,9.9
2023-09-01T06:30Z,1,71,0.6,0.0,17.8,39.9,0.5,10.5,0.0,0.2,30.5
2023-09-01T06:30Z,2,20,5.2,0.0,3.4,0.0,4.4,53.6,0.0,1.3,32.2
2023-09-01T06:30Z,3,111,2.9,0.0,27.3,0.0,11.9,45.6,0.0,0.3,12.0
2023-09-01T06:30Z,4,2,0.0,0.0,0.0,0.0,65.5,32.5,0.0,0.2,1.8
2023-09-01T06:30Z,5,294,22.4,0.0,67.8,0.0,2.0,0.9,0.0,0.2,6.7
2023-09-01T06:30Z,6,129,2.5,0.0,31.8,0.0,6.5,35.1,0.0,3.9,20.3
2023-09-01T06:30Z,7,383,0.0,0.0,97.3,0.0,0.0,0.0,0.0,0.9,1.8
2023-09-01T06:30Z,8,257,3.9,0.0,64.0,0.0,4.7,17.8,0.0,1.6,7.9
2023-09-01T06:30Z,9,345,8.8,0.0,84.8,0.0,0.8,0.3,0.0,1.0,4.2
2023-09-01T06:30Z,10,199,2.9,0.0,49.7,0.0,0.3,37.2,0.0,1.4,8.6
2023-09-01T06:30Z,11,317,0.9,0.0,79.6,0.0,3.3,0.5,0.0,13.2,2.4
2023-09-01T06:30Z,12,299,3.9,0.0,73.0,0.1,13.8,2.2,0.0,4.0,2.9
2023-09-01T06:30Z,13,259,1.9,0.0,63.6,0.6,12.3,14.3,0.0,1.8,5.5
2023-09-01T06:30Z,14,290,0.2,0.0,70.5,1.3,22.6,1.0,0.0,1.4,3.1
2023-09-01T06:30Z,15,242,5.1,0.0,59.2,0.4,10.8,16.2,0.0,2.0,6.3
2023-09-01T06:30Z,16,26,4.7,0.0,5.2,13.9,0.0,40.8,0.0,1.0,34.3
2023-09-01T06:30Z,17,359,0.1,0.0,91.0,0.1,0.0,0.1,0.0,1.8,6.9
2023-09-01T06:30Z,18,224,4.8,0.0,54.8,1.9,9.0,18.1,0.0,1.9,9.5
2023-09-01T07:00Z,1,34,1.2,0.0,8.2,42.7,1.5,12.2,0.0,0.6,33.6
2023-09-01T07:00Z,2,19,4.5,0.0,3.4,0.0,5.4,53.7,0.0,2.2,30.9
2023-09-01T07:00Z,3,114,2.8,0.0,28.1,0.0,11.5,46.8,0.0,0.6,10.2
2023-09-01T07:00Z,4,2,0.0,0.0,0.0,0.0,64.4,33.2,0.0,0.4,1.9
2023-09-01T07:00Z,5,296,22.5,0.0,68.2,0.0,1.7,0.7,0.0,0.4,6.5
2023-09-01T07:00Z,6,138,2.3,0.0,34.3,0.0,6.8,33.1,0.0,6.0,17.6
2023-09-01T07:00Z,7,380,0.0,0.0,96.5,0.0,0.0,0.0,0.0,1.6,1.9
2023-09-01T07:00Z,8,266,3.8,0.1,66.1,0.0,4.5,16.6,0.0,2.4,6.6
2023-09-01T07:00Z,9,346,8.6,0.2,84.8,0.0,0.7,0.3,0.0,1.6,3.9
2023-09-01T07:00Z,10,200,2.7,0.1,49.7,0.0,0.2,36.7,0.0,2.8,7.7
2023-09-01T07:00Z,11,286,0.6,0.0,72.1,0.0,2.5,0.2,0.0,22.3,2.3
2023-09-01T07:00Z,12,293,3.6,0.1,71.4,0.1,14.1,1.5,0.0,6.8,2.4
2023-09-01T07:00Z,13,262,1.6,0.0,64.2,0.7,12.9,13.0,0.0,3.0,4.6
2023-09-01T07:00Z,14,294,0.1,0.0,71.6,1.3,22.3,0.3,0.0,2.0,2.4
2023-09-01T07:00Z,15,241,5.1,0.0,58.7,0.4,10.7,15.9,0.0,3.5,5.6
2023-09-01T07:00Z,16,30,3.8,0.0,6.5,14.3,0.0,40.2,0.0,1.8,33.4
2023-09-01T07:00Z,17,361,0.0,0.0,91.5,0.0,0.0,0.0,0.0,2.9,5.5
2023-09-01T07:00Z,18,223,4.7,0.0,54.5,2.0,8.9,17.8,0.0,3.3,8.8
2023-09-01T07:30Z,1,62,0.9,0.0,15.5,35.9,1.3,12.3,0.0,0.8,33.3
2023-09-01T07:30Z,2,18,3.8,0.0,3.3,0.0,5.5,52.6,0.0,3.3,31.6
2023-09-01T07:30Z,3,115,3.0,0.0,28.2,0.0,11.3,47.0,0.0,0.8,9.8
2023-09-01T07:30Z,4,2,0.0,0.0,0.0,0.0,64.6,32.7,0.0,0.6,2.1
2023-09-01T07:30Z,5,294,23.3,0.0,67.5,0.0,1.4,0.7,0.0,0.5,6.5
2023-09-01T07:30Z,6,137,2.1,0.0,34.0,0.0,6.4,32.6,0.0,8.7,16.2
2023-09-01T07:30Z,7,377,0.0,0.0,95.8,0.0,0.0,0.0,0.0,2.4,1.9
2023-09-01T07:30Z,8,269,3.8,0.2,66.6,0.0,4.0,15.9,0.0,3.6,5.9
2023-09-01T07:30Z,9,346,8.5,0.5,83.9,0.0,0.5,0.2,0.0,2.5,3.8
2023-09-01T07:30Z,10,192,2.6,0.1,47.6,0.0,0.6,36.6,0.0,5.1,7.4
2023-09-01T07:30Z,11,258,0.3,0.0,65.0,0.0,1.8,0.2,0.0,30.8,1.9
2023-09-01T07:30Z,12,275,3.1,0.2,66.1,0.1,17.3,1.2,0.0,10.1,1.9
2023-09-01T07:30Z,13,246,1.3,0.1,58.4,0.5,19.4,11.9,0.0,4.5,3.8
2023-09-01T07:30Z,14,270,0.0,0.0,62.6,0.9,31.9,0.0,0.0,2.6,1.9
2023-09-01T07:30Z,15,232,5.0,0.1,55.6,0.3,13.4,15.4,0.0,5.2,5.0
2023-09-01T07:30Z,16,30,3.5,0.0,6.5,11.4,0.0,41.0,0.0,2.8,34.8
2023-09-01T07:30Z,17,353,0.0,0.0,89.6,0.0,0.0,0.2,0.0,4.7,5.5
2023-09-01T07:30Z,18,217,4.6,0.1,52.1,1.5,11.2,17.3,0.0,4.9,8.3
2023-09-01T08:00Z,1,71,0.7,0.0,17.7,32.9,1.2,12.3,0.0,1.0,34.2
2023-09-01T08:00Z,2,17,3.2,0.0,3.3,0.0,5.1,51.0,0.0,4.4,33.0
2023-09-01T08:00Z,3,119,3.1,0.0,29.2,0.0,11.3,45.5,0.0,1.0,9.9
2023-09-01T08:00Z,4,2,0.0,0.0,0.0,0.0,65.2,31.6,0.0,0.9,2.3
2023-09-01T08:00Z,5,292,23.5,0.0,67.0,0.0,1.2,0.8,0.0,0.8,6.8
2023-09-01T08:00Z,6,144,1.9,0.0,36.0,0.0,5.8,30.7,0.0,10.6,15.0
2023-09-01T08:00Z,7,375,0.0,0.0,95.3,0.0,0.0,0.0,0.0,2.9,1.9
2023-09-01T08:00Z,8,268,3.8,0.4,65.9,0.0,3.8,15.8,0.0,4.7,5.6
2023-09-01T08:00Z,9,348,8.0,1.2,83.0,0.0,0.4,0.3,0.0,3.5,3.7
2023-09-01T08:00Z,10,188,2.1,0.4,45.8,0.0,1.7,35.5,0.0,7.5,7.1
2023-09-01T08:00Z,11,233,0.3,0.1,58.4,0.0,2.6,0.1,0.0,36.7,1.8
2023-09-01T08:00Z,12,263,2.6,0.4,61.9,0.1,19.3,1.5,0.0,12.6,1.6
2023-09-01T08:00Z,13,234,0.9,0.2,53.9,0.4,22.9,12.8,0.0,5.6,3.4
2023-09-01T08:00Z,14,257,0.0,0.0,57.8,0.7,35.6,0.9,0.0,3.2,1.7
2023-09-01T08:00Z,15,230,4.8,0.3,54.6,0.3,13.1,15.1,0.0,6.8,5.0
2023-09-01T08:00Z,16,23,3.6,0.0,4.8,10.3,0.0,40.7,0.0,3.8,36.8
2023-09-01T08:00Z,17,350,0.0,0.0,88.9,0.1,0.0,0.5,0.0,5.7,4.7
2023-09-01T08:00Z,18,215,4.4,0.2,51.3,1.3,11.0,17.0,0.0,6.4,8.3
2023-09-01T08:30Z,1,50,0.7,0.0,12.4,35.2,1.1,13.1,0.0,1.3,36.3
2023-09-01T08:30Z,2,16,2.9,0.0,3.2,0.0,4.4,50.2,0.0,5.2,34.2
2023-09-01T08:30Z,3,114,3.1,0.0,28.0,0.0,11.5,45.9,0.0,1.2,10.4
2023-09-01T08:30Z,4,2,0.0,0.0,0.0,0.0,64.9,31.3,0.0,1.2,2.6
2023-09-01T08:30Z,5,286,23.7,0.0,65.5,0.0,1.4,0.9,0.0,1.0,7.4
2023-09-01T08:30Z,6,134,1.9,0.0,33.3,0.0,5.8,30.8,0.0,13.0,15.2
2023-09-01T08:30Z,7,373,0.0,0.0,94.7,0.0,0.0,0.0,0.0,3.4,1.9
2023-09-01T08:30Z,8,264,3.8,0.7,64.1,0.0,3.9,15.4,0.0,6.2,5.8
2023-09-01T08:30Z,9,349,7.9,2.2,80.9,0.0,0.5,0.3,0.0,4.5,3.7
2023-09-01T08:30Z,10,190,2.3,0.8,45.4,0.0,0.7,34.0,0.0,9.9,6.9
2023-09-01T08:30Z,11,216,0.4,0.0,54.2,0.0,2.3,0.1,0.0,41.1,1.9
2023-09-01T08:30Z,12,264,2.8,0.9,61.7,0.0,16.2,1.8,0.0,14.8,1.8
2023-09-01T08:30Z,13,247,1.1,0.5,57.0,0.4,17.4,12.7,0.0,7.4,3.5
2023-09-01T08:30Z,14,280,0.0,0.1,63.8,0.8,28.2,1.1,0.0,4.2,1.8
2023-09-01T08:30Z,15,229,4.8,0.6,54.0,0.3,11.6,15.0,0.0,8.5,5.2
2023-09-01T08:30Z,16,16,3.1,0.0,3.2,10.8,0.0,40.4,0.0,4.4,38.1
2023-09-01T08:30Z,17,343,0.0,0.0,87.1,0.2,0.0,0.8,0.0,6.9,5.0
2023-09-01T08:30Z,18,214,4.4,0.5,50.7,1.4,9.7,16.8,0.0,8.0,8.6
2023-09-01T09:00Z,1,35,0.7,0.0,8.7,35.5,0.9,14.0,0.0,1.4,38.6
2023-09-01T09:00Z,2,16,2.9,0.0,3.1,0.0,3.7,50.5,0.0,5.7,34.1
2023-09-01T09:00Z,3,113,2.6,0.0,27.9,0.0,11.4,47.0,0.0,1.5,9.6
2023-09-01T09:00Z,4,2,0.0,0.0,0.0,0.0,63.7,32.1,0.0,1.4,2.7
2023-09-01T09:00Z,5,284,23.6,0.0,64.9,0.0,2.2,1.1,0.0,1.2,7.0
2023-09-01T09:00Z,6,112,1.9,0.0,27.8,0.0,6.3,32.2,0.0,15.9,15.9
2023-09-01T09:00Z,7,371,0.0,0.0,94.2,0.0,0.0,0.0,0.0,3.9,2.0
2023-09-01T09:00Z,8,255,3.6,0.9,61.4,0.0,4.5,15.3,0.0,8.1,6.1
2023-09-01T09:00Z,9,349,8.3,3.1,78.8,0.0,0.8,0.3,0.0,5.2,3.5
2023-09-01T09:00Z,10,193,2.9,1.0,45.5,0.0,0.3,32.9,0.0,11.5,5.9
2023-09-01T09:00Z,11,213,0.0,0.0,54.0,0.0,0.0,0.0,0.0,44.6,1.5
2023-09-01T09:00Z,12,259,3.5,1.2,60.2,0.0,13.4,1.9,0.0,17.8,2.1
2023-09-01T09:00Z,13,261,1.9,0.6,61.7,0.3,9.2,11.6,0.0,10.9,3.7
2023-09-01T09:00Z,14,312,0.3,0.1,74.2,0.6,14.7,0.9,0.0,6.9,2.3
2023-09-01T09:00Z,15,230,4.9,0.8,54.1,0.3,9.5,14.9,0.0,10.4,5.2
2023-09-01T09:00Z,16,14,2.7,0.0,2.7,10.8,0.0,41.0,0.0,4.8,38.0
2023-09-01T09:00Z,17,342,0.1,0.0,86.7,0.2,0.0,0.5,0.0,7.6,4.9
2023-09-01T09:00Z,18,215,4.4,0.6,50.8,1.4,8.0,16.7,0.0,9.6,8.5
2023-09-01T09:30Z,1,24,0.7,0.0,5.8,34.2,1.1,14.5,0.0,1.5,42.2
2023-09-01T09:30Z,2,15,2.6,0.0,3.1,0.0,4.2,49.4,0.0,5.6,35.2
2023-09-01T09:30Z,3,117,2.3,0.0,28.9,0.0,11.3,47.1,0.0,1.7,8.8
2023-09-01T09:30Z,4,2,0.0,0.0,0.0,0.0,63.6,31.8,0.0,1.6,3.0
2023-09-01T09:30Z,5,293,21.2,0.0,67.8,0.0,2.3,1.0,0.0,1.4,6.4
2023-09-01T09:30Z,6,118,1.5,0.0,29.3,0.0,5.8,30.8,0.0,18.4,14.2
2023-09-01T09:30Z,7,371,0.0,0.0,94.2,0.0,0.0,0.0,0.0,4.2,1.5
2023-09-01T09:30Z,8,269,2.7,0.9,65.2,0.0,3.7,13.0,0.0,10.0,4.5
2023-09-01T09:30Z,9,350,6.7,3.1,79.4,0.0,0.7,0.3,0.0,6.9,2.8
2023-09-01T09:30Z,10,188,2.2,1.0,44.6,0.0,0.2,33.5,0.0,13.2,5.1
2023-09-01T09:30Z,11,201,0.0,0.0,51.1,0.0,0.1,0.0,0.0,47.4,1.4
2023-09-01T09:30Z,12,249,2.6,1.1,57.8,0.0,15.4,1.1,0.0,20.5,1.5
2023-09-01T09:30Z,13,250,1.3,0.6,60.1,0.3,12.4,10.7,0.0,11.6,3.1
2023-09-01T09:30Z,14,290,0.1,0.0,70.9,0.6,20.1,0.3,0.0,5.9,2.1
2023-09-01T09:30Z,15,226,4.2,0.8,53.7,0.3,10.0,14.8,0.0,11.8,4.5
2023-09-01T09:30Z,16,15,2.2,0.0,3.1,10.3,0.0,40.1,0.0,4.7,39.7
2023-09-01T09:30Z,17,337,0.1,0.0,85.6,0.1,0.0,0.3,0.0,9.2,4.7
2023-09-01T09:30Z,18,211,3.7,0.6,50.3,1.3,8.4,16.6,0.0,10.9,8.2
2023-09-01T10:00Z,1,22,0.6,0.0,5.3,30.2,1.3,15.8,0.0,1.8,45.0
2023-09-01T10:00Z,2,15,1.9,0.0,3.1,0.0,4.4,50.8,0.0,5.8,34.1
2023-09-01T10:00Z,3,122,2.2,0.0,30.3,0.0,11.4,46.5,0.0,1.7,7.9
2023-09-01T10:00Z,4,2,0.0,0.0,0.0,0.0,62.9,32.3,0.0,1.7,3.2
2023-09-01T10:00Z,5,297,19.3,0.0,69.5,0.0,2.2,0.9,0.0,1.5,6.6
2023-09-01T10:00Z,6,116,1.4,0.0,28.8,0.0,6.3,29.2,0.0,19.9,14.3
2023-09-01T10:00Z,7,361,0.0,0.0,91.7,0.0,0.0,0.0,0.0,6.5,1.8
2023-09-01T10:00Z,8,272,2.4,1.1,65.6,0.0,3.4,12.3,0.0,11.3,3.8
2023-09-01T10:00Z,9,352,5.7,3.3,79.8,0.0,0.6,0.2,0.0,7.6,2.7
2023-09-01T10:00Z,10,185,1.8,1.0,44.1,0.0,0.2,33.4,0.0,14.6,4.8
2023-09-01T10:00Z,11,203,0.0,0.0,51.4,0.0,0.1,0.0,0.0,47.3,1.2
2023-09-01T10:00Z,12,244,2.1,0.9,56.9,0.0,16.4,0.5,0.0,21.9,1.3
2023-09-01T10:00Z,13,246,1.0,0.5,59.2,0.3,14.1,9.8,0.0,12.3,2.9
2023-09-01T10:00Z,14,283,0.0,0.0,68.7,0.6,22.4,0.0,0.0,6.3,2.0
2023-09-01T10:00Z,15,225,3.7,0.8,53.4,0.2,10.4,14.7,0.0,12.7,4.2
2023-09-01T10:00Z,16,18,1.7,0.0,4.0,8.8,0.0,40.6,0.0,5.1,39.7
2023-09-01T10:00Z,17,335,0.0,0.0,85.1,0.0,0.0,0.0,0.0,11.2,3.8
2023-09-01T10:00Z,18,210,3.2,0.6,50.1,1.1,8.7,16.5,0.0,11.8,7.9
2023-09-01T10:30Z,1,12,0.7,0.0,2.9,24.5,2.0,17.1,0.0,2.2,50.6
2023-09-01T10:30Z,2,14,1.8,0.0,3.0,0.0,5.1,50.6,0.0,5.8,33.6
2023-09-01T10:30Z,3,128,2.6,0.0,31.6,0.0,11.5,45.3,0.0,1.8,7.2
2023-09-01T10:30Z,4,2,0.0,0.0,0.0,0.0,63.4,31.4,0.0,1.8,3.4
2023-09-01T10:30Z,5,298,19.7,0.0,69.7,0.0,1.3,0.9,0.0,1.6,6.8
2023-09-01T10:30Z,6,139,1.5,0.0,34.7,0.0,5.9,25.2,0.0,20.3,12.4
2023-09-01T10:30Z,7,351,0.0,0.0,89.1,0.0,0.0,0.0,0.0,9.0,1.9
2023-09-01T10:30Z,8,269,2.4,1.1,64.9,0.0,3.3,11.9,0.0,13.3,3.2
2023-09-01T10:30Z,9,352,5.1,3.3,79.8,0.0,0.3,0.3,0.0,8.6,2.5
2023-09-01T10:30Z,10,181,1.4,0.9,43.0,0.0,1.4,32.5,0.0,16.2,4.5
2023-09-01T10:30Z,11,197,0.0,0.0,49.9,0.0,0.8,0.0,0.0,47.9,1.3
2023-09-01T10:30Z,12,205,1.2,0.8,45.9,0.0,28.4,0.8,0.0,22.1,0.7
2023-09-01T10:30Z,13,228,0.6,0.4,52.8,0.2,21.7,10.1,0.0,11.9,2.3
2023-09-01T10:30Z,14,266,0.0,0.0,61.4,0.4,30.1,0.1,0.0,6.3,1.7
2023-09-01T10:30Z,15,218,3.6,0.7,51.1,0.1,13.0,14.4,0.0,13.2,3.9
2023-09-01T10:30Z,16,25,1.8,0.0,5.7,6.6,0.0,40.2,0.0,5.5,40.1
2023-09-01T10:30Z,17,327,0.0,0.0,83.1,0.0,0.0,0.0,0.0,13.2,3.7
2023-09-01T10:30Z,18,205,3.2,0.6,48.3,0.8,10.9,16.2,0.0,12.4,7.6
2023-09-01T11:00Z,1,30,0.6,0.0,7.4,25.3,1.6,16.8,0.0,1.7,46.6
2023-09-01T11:00Z,2,14,1.9,0.0,3.0,0.0,5.1,51.1,0.0,5.5,33.3
2023-09-01T11:00Z,3,126,2.3,0.0,31.1,0.0,11.4,46.7,0.0,2.1,6.5
2023-09-01T11:00Z,4,4,0.0,0.0,0.0,0.0,63.8,30.9,0.0,1.9,3.4
2023-09-01T11:00Z,5,294,19.7,0.0,68.5,0.0,1.8,1.1,0.0,1.8,7.0
2023-09-01T11:00Z,6,160,1.2,0.0,40.1,0.0,5.1,23.5,0.0,19.5,10.7
2023-09-01T11:00Z,7,345,0.0,0.0,87.5,0.0,0.0,0.0,0.0,10.5,2.0
2023-09-01T11:00Z,8,260,2.3,0.9,63.0,0.0,3.0,12.9,0.0,14.5,3.3
2023-09-01T11:00Z,9,346,5.2,3.2,78.5,0.0,0.5,0.3,0.0,9.6,2.6
2023-09-01T11:00Z,10,180,1.5,1.0,42.7,0.0,1.2,32.1,0.0,16.7,4.7
2023-09-01T11:00Z,11,200,0.0,0.0,50.6,0.0,0.9,0.0,0.0,47.3,1.2
2023-09-01T11:00Z,12,192,1.3,1.0,44.1,0.0,27.3,1.5,0.0,24.1,0.7
2023-09-01T11:00Z,13,221,0.7,0.5,52.2,0.2,20.9,10.8,0.0,12.4,2.4
2023-09-01T11:00Z,14,260,0.0,0.0,61.9,0.3,29.5,0.2,0.0,6.3,1.8
2023-09-01T11:00Z,15,215,3.5,0.7,50.8,0.1,12.9,14.4,0.0,13.7,3.7
2023-09-01T11:00Z,16,30,1.7,0.0,7.2,6.9,0.0,39.9,0.0,5.4,38.9
2023-09-01T11:00Z,17,323,0.0,0.0,82.0,0.0,0.0,0.0,0.0,14.4,3.6
2023-09-01T11:00Z,18,203,3.1,0.6,48.3,0.8,10.8,16.1,0.0,12.9,7.3
2023-09-01T11:30Z,1,31,0.6,0.0,7.7,28.1,1.4,17.2,0.0,1.5,43.4
2023-09-01T11:30Z,2,15,2.1,0.0,3.1,0.0,5.0,52.4,0.0,5.4,32.0
2023-09-01T11:30Z,3,120,1.9,0.0,29.6,0.0,11.6,48.5,0.0,2.3,6.0
2023-09-01T11:30Z,4,4,0.0,0.0,0.0,0.0,63.4,31.2,0.0,1.9,3.5
2023-09-01T11:30Z,5,290,19.6,0.0,67.6,0.0,2.7,1.2,0.0,1.9,7.0
2023-09-01T11:30Z,6,182,0.8,0.0,45.8,0.0,4.1,23.4,0.0,17.5,8.4
2023-09-01T11:30Z,7,338,0.0,0.0,85.9,0.0,0.0,0.0,0.0,12.1,2.0
2023-09-01T11:30Z,8,246,2.1,0.9,59.7,0.0,3.6,14.2,0.0,15.7,3.7
2023-09-01T11:30Z,9,341,5.6,3.2,77.1,0.0,0.8,0.3,0.0,10.2,2.7
2023-09-01T11:30Z,10,181,1.9,1.1,42.7,0.0,0.3,32.3,0.0,17.1,4.7
2023-09-01T11:30Z,11,186,0.0,0.0,47.3,0.0,0.1,0.0,0.0,51.4,1.2
2023-09-01T11:30Z,12,234,2.0,1.2,55.3,0.0,10.2,2.1,0.0,27.8,1.4
2023-09-01T11:30Z,13,231,1.0,0.6,55.4,0.2,13.4,12.1,0.0,14.6,2.7
2023-09-01T11:30Z,14,268,0.0,0.0,65.3,0.3,24.2,0.9,0.0,7.4,1.9
2023-09-01T11:30Z,15,219,3.6,0.8,52.0,0.2,9.9,14.8,0.0,14.9,3.8
2023-09-01T11:30Z,16,37,1.7,0.0,8.9,7.8,0.0,40.0,0.0,5.5,36.1
2023-09-01T11:30Z,17,319,0.0,0.0,81.0,0.0,0.0,0.0,0.0,15.6,3.4
2023-09-01T11:30Z,18,206,3.2,0.7,49.3,0.9,8.3,16.5,0.0,14.0,7.1
2023-09-01T12:00Z,1,6,0.8,0.0,1.2,23.9,2.0,19.2,0.0,2.2,50.7
2023-09-01T12:00Z,2,15,2.0,0.0,3.1,0.0,5.3,52.9,0.0,5.8,31.1
2023-09-01T12:00Z,3,122,2.2,0.0,30.1,0.0,12.0,47.8,0.0,2.1,5.8
2023-09-01T12:00Z,4,4,0.0,0.0,0.0,0.0,63.1,31.3,0.0,2.0,3.5
2023-09-01T12:00Z,5,291,19.6,0.0,67.9,0.0,2.3,1.1,0.0,1.9,7.2
2023-09-01T12:00Z,6,163,1.1,0.0,41.0,0.0,4.9,25.3,0.0,18.5,9.2
2023-09-01T12:00Z,7,331,0.0,0.0,84.1,0.0,0.0,0.0,0.0,13.8,2.2
2023-09-01T12:00Z,8,250,2.2,1.2,59.9,0.0,3.5,13.7,0.0,16.0,3.5
2023-09-01T12:00Z,9,345,5.4,4.1,76.4,0.0,0.6,0.3,0.0,10.5,2.8
2023-09-01T12:00Z,10,187,1.8,1.5,43.4,0.0,0.2,31.2,0.0,16.7,5.2
2023-09-01T12:00Z,11,187,0.0,0.0,47.3,0.0,0.0,0.1,0.0,51.4,1.2
2023-09-01T12:00Z,12,238,2.0,1.6,55.4,0.0,8.7,2.4,0.0,28.5,1.4
2023-09-01T12:00Z,13,231,1.0,0.9,54.9,0.2,12.1,12.5,0.0,15.3,3.0
2023-09-01T12:00Z,14,264,0.0,0.1,64.3,0.4,22.6,1.6,0.0,8.7,2.2
2023-09-01T12:00Z,15,219,3.6,1.0,51.5,0.1,9.7,14.8,0.0,15.2,4.0
2023-09-01T12:00Z,16,38,1.8,0.0,9.1,6.2,0.0,40.8,0.0,5.9,36.3
2023-09-01T12:00Z,17,314,0.0,0.0,79.7,0.0,0.0,0.0,0.0,16.8,3.5
2023-09-01T12:00Z,18,207,3.2,0.9,49.0,0.7,8.1,16.4,0.0,14.4,7.2
2023-09-01T12:30Z,1,28,0.7,0.0,6.8,20.9,2.1,18.3,0.0,2.3,48.7
2023-09-01T12:30Z,2,16,2.0,0.0,3.4,0.0,5.8,52.9,0.0,6.4,29.6
2023-09-01T12:30Z,3,124,2.1,0.0,30.8,0.0,11.1,49.2,0.0,1.7,5.1
2023-09-01T12:30Z,4,4,0.0,0.0,0.0,0.0,63.4,31.1,0.0,2.2,3.3
2023-09-01T12:30Z,5,295,18.7,0.0,69.2,0.0,1.8,0.7,0.0,1.7,7.8
2023-09-01T12:30Z,6,132,1.3,0.0,33.1,0.0,6.0,29.6,0.0,19.6,10.3
2023-09-01T12:30Z,7,332,0.0,0.0,84.2,0.0,0.0,0.0,0.0,14.0,1.8
2023-09-01T12:30Z,8,252,2.2,1.1,60.6,0.0,3.3,14.1,0.0,15.2,3.4
2023-09-01T12:30Z,9,344,5.6,3.9,76.2,0.0,0.5,0.2,0.0,10.2,3.3
2023-09-01T12:30Z,10,194,2.0,1.4,45.3,0.0,0.2,28.9,0.0,16.0,6.1
2023-09-01T12:30Z,11,171,0.1,0.1,43.2,0.0,0.2,0.1,0.0,54.9,1.5
2023-09-01T12:30Z,12,251,2.5,1.7,58.8,0.0,5.0,2.3,0.0,28.0,1.8
2023-09-01T12:30Z,13,240,1.3,0.9,57.8,0.1,6.5,12.8,0.0,16.6,3.9
2023-09-01T12:30Z,14,278,0.2,0.1,69.5,0.3,13.2,2.1,0.0,11.8,2.8
2023-09-01T12:30Z,15,223,3.6,1.2,52.4,0.1,7.7,14.8,0.0,15.6,4.5
2023-09-01T12:30Z,16,45,1.8,0.0,10.9,5.3,0.0,41.1,0.0,6.6,34.2
2023-09-01T12:30Z,17,313,0.0,0.0,79.5,0.0,0.0,0.0,0.0,17.2,3.3
2023-09-01T12:30Z,18,210,3.2,1.0,50.0,0.6,6.5,16.5,0.0,14.8,7.3
2023-09-01T13:00Z,1,34,0.6,0.0,8.4,22.8,1.9,17.6,0.0,2.0,46.6
2023-09-01T13:00Z,2,16,2.0,0.0,3.3,0.0,5.7,53.3,0.0,6.2,29.5
2023-09-01T13:00Z,3,125,2.2,0.0,30.9,0.0,11.0,48.9,0.0,1.9,5.2
2023-09-01T13:00Z,4,4,0.0,0.0,0.0,0.0,63.2,31.4,0.0,2.2,3.2
2023-09-01T13:00Z,5,293,19.0,0.0,68.6,0.0,1.7,0.6,0.0,1.7,8.4
2023-09-01T13:00Z,6,128,1.3,0.0,32.1,0.0,6.0,29.2,0.0,20.5,10.9
2023-09-01T13:00Z,7,337,0.0,0.0,85.4,0.0,0.0,0.0,0.0,12.6,2.0
2023-09-01T13:00Z,8,256,2.2,1.1,61.6,0.0,3.2,13.8,0.0,14.5,3.5
2023-09-01T13:00Z,9,344,5.6,3.7,76.6,0.0,0.5,0.2,0.0,9.7,3.7
2023-09-01T13:00Z,10,188,2.0,1.2,44.1,0.0,0.2,29.3,0.0,16.1,7.1
2023-09-01T13:00Z,11,172,0.1,0.1,43.4,0.0,0.3,0.2,0.0,54.4,1.5
2023-09-01T13:00Z,12,255,2.5,1.5,60.1,0.0,5.3,1.9,0.0,26.7,2.0
2023-09-01T13:00Z,13,235,1.3,0.8,57.0,0.1,6.4,12.9,0.0,16.9,4.6
2023-09-01T13:00Z,14,272,0.2,0.1,68.0,0.3,13.0,2.2,0.0,13.0,3.3
2023-09-01T13:00Z,15,224,3.6,1.5,52.1,0.1,7.7,14.7,0.0,15.4,4.9
2023-09-01T13:00Z,16,42,1.8,0.0,10.1,6.1,0.0,41.7,0.0,6.2,34.1
2023-09-01T13:00Z,17,315,0.0,0.0,79.9,0.0,0.0,0.0,0.0,16.4,3.7
2023-09-01T13:00Z,18,210,3.2,1.2,49.6,0.7,6.5,16.5,0.0,14.5,7.7
2023-09-01T13:30Z,1,30,0.6,0.0,7.3,23.8,1.6,17.8,0.0,1.7,47.1
2023-09-01T13:30Z,2,15,2.0,0.0,3.2,0.0,5.1,54.2,0.0,5.6,29.8
2023-09-01T13:30Z,3,129,2.5,0.0,31.8,0.0,10.8,46.8,0.0,2.3,5.8
2023-09-01T13:30Z,4,4,0.0,0.0,0.0,0.0,62.5,32.0,0.0,2.3,3.1
2023-09-01T13:30Z,5,294,19.1,0.0,68.7,0.0,1.0,0.6,0.0,1.5,9.0
2023-09-01T13:30Z,6,141,1.3,0.0,35.3,0.0,5.1,28.2,0.0,19.7,10.4
2023-09-01T13:30Z,7,341,0.0,0.0,86.6,0.0,0.0,0.0,0.0,11.0,2.4
2023-09-01T13:30Z,8,260,2.4,1.5,61.7,0.0,3.0,13.3,0.0,14.0,4.1
2023-09-01T13:30Z,9,350,5.6,4.8,75.8,0.0,0.3,0.2,0.0,9.0,4.2
2023-09-01T13:30Z,10,183,1.9,1.6,42.1,0.0,0.1,29.8,0.0,16.2,8.3
2023-09-01T13:30Z,11,173,0.3,0.2,43.1,0.0,1.8,0.2,0.0,52.7,1.7
2023-09-01T13:30Z,12,232,2.2,1.8,52.9,0.0,15.4,1.8,0.0,23.9,2.0
2023-09-01T13:30Z,13,225,1.2,1.0,53.7,0.1,9.1,12.9,0.0,16.5,5.4
2023-09-01T13:30Z,14,261,0.2,0.1,64.9,0.3,14.7,2.4,0.0,13.3,4.0
2023-09-01T13:30Z,15,222,3.6,1.8,50.6,0.1,9.1,14.7,0.0,14.8,5.2
2023-09-01T13:30Z,16,40,1.8,0.0,9.6,6.4,0.0,41.4,0.0,5.6,35.2
2023-09-01T13:30Z,17,320,0.0,0.0,81.3,0.0,0.0,0.0,0.0,14.7,4.0
2023-09-01T13:30Z,18,208,3.2,1.5,48.3,0.7,7.7,16.5,0.0,13.9,8.2
2023-09-01T14:00Z,1,22,0.7,0.0,5.4,27.8,1.9,16.7,0.0,1.6,45.9
2023-09-01T14:00Z,2,16,2.2,0.0,3.3,0.0,5.7,54.8,0.0,4.9,29.1
2023-09-01T14:00Z,3,133,2.8,0.0,32.7,0.0,10.6,46.3,0.0,2.3,5.3
2023-09-01T14:00Z,4,4,0.0,0.0,0.0,0.0,62.6,31.9,0.0,2.4,3.1
2023-09-01T14:00Z,5,290,21.2,0.0,67.2,0.0,1.0,0.5,0.0,1.2,8.9
2023-09-01T14:00Z,6,155,1.4,0.0,38.8,0.0,4.9,27.2,0.0,17.9,9.7
2023-09-01T14:00Z,7,348,0.0,0.0,88.4,0.0,0.0,0.0,0.0,9.2,2.4
2023-09-01T14:00Z,8,264,2.8,1.7,61.8,0.0,3.0,13.6,0.0,13.0,4.0
2023-09-01T14:00Z,9,354,6.3,5.5,74.7,0.0,0.3,0.2,0.0,8.4,4.5
2023-09-01T14:00Z,10,186,2.1,1.9,42.0,0.0,0.1,29.1,0.0,15.4,9.4
2023-09-01T14:00Z,11,194,0.3,0.3,48.4,0.0,2.2,0.2,0.0,47.0,1.7
2023-09-01T14:00Z,12,232,2.5,2.2,51.8,0.0,16.1,2.0,0.0,23.3,2.1
2023-09-01T14:00Z,13,230,1.4,1.2,54.4,0.1,9.1,13.3,0.0,14.9,5.7
2023-09-01T14:00Z,14,272,0.2,0.2,67.7,0.3,14.3,2.5,0.0,10.8,4.1
2023-09-01T14:00Z,15,224,4.1,1.6,51.4,0.2,9.1,14.6,0.0,13.7,5.4
2023-09-01T14:00Z,16,43,2.0,0.0,10.3,7.6,0.0,41.2,0.0,4.8,34.1
2023-09-01T14:00Z,17,326,0.0,0.0,82.8,0.0,0.0,0.0,0.0,12.8,4.4
2023-09-01T14:00Z,18,211,3.7,1.4,49.0,0.9,7.7,16.4,0.0,12.7,8.3
2023-09-01T14:30Z,1,18,0.8,0.0,4.2,31.9,2.0,15.1,0.0,1.3,44.7
2023-09-01T14:30Z,2,16,2.6,0.0,3.3,0.0,6.4,55.7,0.0,4.1,27.9
2023-09-01T14:30Z,3,127,3.2,0.0,31.1,0.0,11.3,47.1,0.0,2.2,5.1
2023-09-01T14:30Z,4,4,0.0,0.0,0.0,0.0,63.6,31.3,0.0,2.2,2.9
2023-09-01T14:30Z,5,284,24.0,0.0,64.8,0.0,1.1,0.4,0.0,0.9,8.7
2023-09-01T14:30Z,6,136,1.9,0.0,33.9,0.0,6.3,29.6,0.0,17.3,11.0
2023-09-01T14:30Z,7,352,0.0,0.0,89.3,0.0,0.0,0.0,0.0,8.0,2.6
2023-09-01T14:30Z,8,263,3.4,1.9,61.2,0.0,3.5,14.0,0.0,11.7,4.3
2023-09-01T14:30Z,9,355,7.6,5.8,73.9,0.0,0.4,0.1,0.0,7.3,4.9
2023-09-01T14:30Z,10,187,2.6,1.9,42.2,0.0,0.1,29.2,0.0,13.5,10.4
2023-09-01T14:30Z,11,208,0.4,0.2,52.2,0.0,1.6,0.1,0.0,43.6,1.9
2023-09-01T14:30Z,12,247,3.3,2.5,55.1,0.0,12.7,2.0,0.0,21.9,2.4
2023-09-01T14:30Z,13,236,1.9,1.4,55.7,0.2,7.1,13.6,0.0,13.6,6.6
2023-09-01T14:30Z,14,284,0.4,0.2,70.7,0.4,11.4,2.3,0.0,9.6,4.9
2023-09-01T14:30Z,15,224,4.9,1.5,51.5,0.2,8.6,14.8,0.0,12.5,5.9
2023-09-01T14:30Z,16,42,2.2,0.0,10.0,8.9,0.0,42.1,0.0,4.0,32.8
2023-09-01T14:30Z,17,333,0.0,0.0,84.6,0.0,0.0,0.0,0.0,11.0,4.4
2023-09-01T14:30Z,18,212,4.3,1.3,49.2,1.1,7.2,16.7,0.0,11.5,8.6
2023-09-01T15:00Z,1,22,0.6,0.0,5.5,34.5,1.4,13.5,0.0,0.9,43.7
2023-09-01T15:00Z,2,17,2.6,0.0,3.3,0.0,6.1,57.7,0.0,3.6,26.6
2023-09-01T15:00Z,3,127,3.4,0.0,31.1,0.0,11.9,45.5,0.0,2.0,6.0
2023-09-01T15:00Z,4,4,0.0,0.0,0.0,0.0,63.6,31.8,0.0,2.0,2.6
2023-09-01T15:00Z,5,285,24.2,0.0,64.9,0.0,1.1,0.3,0.0,0.9,8.6
2023-09-01T15:00Z,6,141,2.0,0.0,35.1,0.0,6.5,29.7,0.0,14.7,11.9
2023-09-01T15:00Z,7,356,0.0,0.0,90.4,0.0,0.0,0.0,0.0,7.0,2.6
2023-09-01T15:00Z,8,272,3.5,2.0,63.3,0.0,3.6,12.8,0.0,10.2,4.7
2023-09-01T15:00Z,9,358,7.9,5.7,74.7,0.0,0.4,0.1,0.0,6.0,5.1
2023-09-01T15:00Z,10,186,2.6,1.9,42.0,0.0,0.1,31.0,0.0,11.5,11.0
2023-09-01T15:00Z,11,238,0.1,0.1,60.1,0.0,0.3,0.1,0.0,37.6,1.6
2023-09-01T15:00Z,12,254,3.6,2.5,56.7,0.0,12.8,2.0,0.0,19.8,2.7
2023-09-01T15:00Z,13,244,1.9,1.2,58.1,0.2,7.0,12.8,0.0,11.5,7.3
2023-09-01T15:00Z,14,293,0.3,0.1,73.2,0.4,11.2,1.8,0.0,7.5,5.3
2023-09-01T15:00Z,15,232,4.9,1.6,53.3,0.2,8.6,14.6,0.0,10.6,6.1
2023-09-01T15:00Z,16,41,2.3,0.0,9.8,10.3,0.0,41.6,0.0,3.5,32.6
2023-09-01T15:00Z,17,334,0.0,0.0,84.8,0.0,0.0,0.0,0.0,10.4,4.8
2023-09-01T15:00Z,18,218,4.4,1.3,50.6,1.2,7.2,16.6,0.0,9.8,8.8
2023-09-01T15:30Z,1,17,0.6,0.0,4.2,36.8,1.7,13.3,0.0,0.8,42.6
2023-09-01T15:30Z,2,17,2.6,0.0,3.5,0.0,7.1,59.1,0.0,3.3,24.3
2023-09-01T15:30Z,3,137,3.8,0.0,33.4,0.0,11.8,43.6,0.0,1.6,5.9
2023-09-01T15:30Z,4,4,0.0,0.0,0.0,0.0,63.7,32.3,0.0,1.7,2.3
2023-09-01T15:30Z,5,291,24.1,0.0,66.4,0.0,0.5,0.2,0.0,0.9,7.8
2023-09-01T15:30Z,6,166,2.1,0.0,41.4,0.0,6.3,27.1,0.0,12.1,11.0
2023-09-01T15:30Z,7,357,0.0,0.0,90.5,0.0,0.0,0.0,0.0,6.8,2.7
2023-09-01T15:30Z,8,280,3.6,1.8,65.6,0.0,3.3,12.2,0.0,8.8,4.6
2023-09-01T15:30Z,9,364,7.3,5.4,77.5,0.0,0.1,0.1,0.0,4.9,4.8
2023-09-01T15:30Z,10,192,2.4,1.9,43.5,0.0,0.0,31.5,0.0,9.7,11.0
2023-09-01T15:30Z,11,261,0.1,0.1,66.0,0.0,0.2,0.1,0.0,31.7,1.7
2023-09-01T15:30Z,12,267,3.3,2.3,60.4,0.0,12.4,1.9,0.0,17.1,2.7
2023-09-01T15:30Z,13,242,1.5,1.1,57.7,0.3,10.8,12.2,0.0,9.3,7.1
2023-09-01T15:30Z,14,272,0.1,0.1,67.5,0.6,19.6,1.3,0.0,6.0,4.8
2023-09-01T15:30Z,15,236,4.9,1.5,54.5,0.2,9.7,14.5,0.0,8.8,5.8
2023-09-01T15:30Z,16,45,2.3,0.0,10.6,11.3,0.0,41.2,0.0,3.3,31.4
2023-09-01T15:30Z,17,339,0.0,0.0,86.1,0.0,0.0,0.0,0.0,9.3,4.6
2023-09-01T15:30Z,18,222,4.3,1.2,51.8,1.4,8.1,16.5,0.0,8.3,8.5
2023-09-01T16:00Z,1,12,0.6,0.0,2.8,40.2,1.7,11.7,0.0,0.6,42.4
2023-09-01T16:00Z,2,18,2.7,0.0,3.7,0.0,7.9,59.7,0.0,2.6,23.3
2023-09-01T16:00Z,3,140,3.3,0.0,34.4,0.0,10.9,44.7,0.0,1.2,5.6
2023-09-01T16:00Z,4,4,0.0,0.0,0.0,0.0,64.4,32.0,0.0,1.3,2.3
2023-09-01T16:00Z,5,296,22.9,0.0,68.1,0.0,0.5,0.3,0.0,0.7,7.5
2023-09-01T16:00Z,6,184,1.9,0.0,46.1,0.0,6.0,25.2,0.0,10.2,10.6
2023-09-01T16:00Z,7,362,0.0,0.0,91.8,0.0,0.0,0.0,0.0,5.8,2.3
2023-09-01T16:00Z,8,286,3.2,1.8,67.4,0.0,3.1,13.6,0.0,6.7,4.2
2023-09-01T16:00Z,9,371,7.1,5.6,78.6,0.0,0.1,0.1,0.0,3.6,4.8
2023-09-01T16:00Z,10,208,2.6,2.1,47.1,0.0,0.1,29.5,0.0,7.4,11.2
2023-09-01T16:00Z,11,283,0.3,0.2,71.2,0.0,1.1,0.2,0.0,25.3,1.6
2023-09-01T16:00Z,12,281,3.4,2.4,63.8,0.0,12.1,2.1,0.0,13.4,2.8
2023-09-01T16:00Z,13,251,1.7,1.3,59.6,0.4,11.0,12.1,0.0,7.2,6.9
2023-09-01T16:00Z,14,275,0.1,0.1,68.4,0.9,19.9,1.4,0.0,4.7,4.6
2023-09-01T16:00Z,15,244,4.8,1.5,56.4,0.3,9.7,14.5,0.0,6.9,5.9
2023-09-01T16:00Z,16,52,2.3,0.0,12.6,12.5,0.0,40.0,0.0,2.7,29.9
2023-09-01T16:00Z,17,347,0.0,0.0,88.0,0.0,0.0,0.0,0.0,7.8,4.3
2023-09-01T16:00Z,18,229,4.2,1.3,53.6,1.6,8.1,16.3,0.0,6.5,8.4
2023-09-01T16:30Z,1,15,0.5,0.0,3.5,46.1,1.4,9.4,0.0,0.3,38.8
2023-09-01T16:30Z,2,19,3.0,0.0,3.9,0.0,8.3,60.5,0.0,2.0,22.3
2023-09-01T16:30Z,3,141,3.3,0.0,34.7,0.0,10.8,44.3,0.0,1.0,5.9
2023-09-01T16:30Z,4,4,0.0,0.0,0.0,0.0,65.4,31.5,0.0,1.0,2.2
2023-09-01T16:30Z,5,293,23.9,0.0,67.1,0.0,0.5,0.3,0.0,0.7,7.6
2023-09-01T16:30Z,6,206,1.5,0.0,51.8,0.0,4.8,25.2,0.0,7.4,9.2
2023-09-01T16:30Z,7,366,0.0,0.0,92.9,0.0,0.0,0.0,0.0,4.9,2.3
2023-09-01T16:30Z,8,290,3.2,1.9,68.2,0.0,3.1,14.0,0.0,5.1,4.5
2023-09-01T16:30Z,9,375,7.5,6.1,78.4,0.0,0.2,0.1,0.0,2.7,5.1
2023-09-01T16:30Z,10,216,2.8,2.3,48.4,0.0,0.1,28.6,0.0,5.7,12.0
2023-09-01T16:30Z,11,302,0.3,0.3,75.7,0.0,1.9,0.3,0.0,19.9,1.5
2023-09-01T16:30Z,12,265,3.2,2.6,58.8,0.0,20.6,2.6,0.0,9.7,2.5
2023-09-01T16:30Z,13,250,1.6,1.4,58.8,0.5,13.3,12.5,0.0,5.3,6.6
2023-09-01T16:30Z,14,277,0.1,0.1,68.6,1.1,20.6,1.8,0.0,3.3,4.3
2023-09-01T16:30Z,15,247,4.8,1.6,56.8,0.4,10.8,14.4,0.0,5.1,6.0
2023-09-01T16:30Z,16,52,2.2,0.0,12.5,16.0,0.0,39.0,0.0,2.0,28.3
2023-09-01T16:30Z,17,352,0.0,0.0,89.3,0.0,0.0,0.0,0.0,6.4,4.4
2023-09-01T16:30Z,18,231,4.3,1.4,53.8,2.1,9.0,16.3,0.0,4.9,8.3
2023-09-01T17:00Z,1,11,0.4,0.0,2.5,52.1,1.1,7.5,0.0,0.2,36.1
2023-09-01T17:00Z,2,20,3.1,0.0,3.9,0.0,8.1,60.9,0.0,1.6,22.4
2023-09-01T17:00Z,3,136,3.1,0.0,33.3,0.0,11.0,45.1,0.0,0.6,6.9
2023-09-01T17:00Z,4,4,0.0,0.0,0.0,0.0,66.0,31.5,0.0,0.6,1.9
2023-09-01T17:00Z,5,295,23.2,0.0,67.7,0.0,0.9,0.4,0.0,0.4,7.4
2023-09-01T17:00Z,6,214,1.3,0.0,53.8,0.0,4.4,26.5,0.0,4.8,9.2
2023-09-01T17:00Z,7,372,0.0,0.0,94.4,0.0,0.0,0.0,0.0,3.4,2.2
2023-09-01T17:00Z,8,290,3.2,1.9,68.1,0.0,3.5,14.9,0.0,3.4,5.1
2023-09-01T17:00Z,9,377,7.6,6.2,78.7,0.0,0.3,0.1,0.0,1.9,5.2
2023-09-01T17:00Z,10,222,3.0,2.4,49.6,0.0,0.1,28.8,0.0,3.9,12.1
2023-09-01T17:00Z,11,312,0.6,0.4,77.8,0.0,3.7,0.4,0.0,15.3,1.8
2023-09-01T17:00Z,12,279,3.4,3.0,61.5,0.0,19.7,3.4,0.0,6.2,2.8
2023-09-01T17:00Z,13,256,1.8,1.6,59.9,0.6,12.5,13.1,0.0,3.6,6.9
2023-09-01T17:00Z,14,279,0.2,0.2,69.1,1.4,19.9,2.4,0.0,2.4,4.4
2023-09-01T17:00Z,15,255,4.9,1.7,58.7,0.5,9.5,14.7,0.0,3.6,6.4
2023-09-01T17:00Z,16,47,2.1,0.0,11.3,19.5,0.0,38.6,0.0,1.4,27.1
2023-09-01T17:00Z,17,359,0.0,0.0,91.0,0.0,0.0,0.0,0.0,4.5,4.5
2023-09-01T17:00Z,18,236,4.3,1.4,55.2,2.6,7.9,16.6,0.0,3.4,8.6
2023-09-01T17:30Z,1,3,0.4,0.0,0.5,53.5,1.1,7.3,0.0,0.2,37.2
2023-09-01T17:30Z,2,21,3.1,0.0,4.1,0.0,8.5,60.4,0.0,1.2,22.6
2023-09-01T17:30Z,3,134,3.2,0.0,32.8,0.0,10.6,45.6,0.0,0.3,7.5
2023-09-01T17:30Z,4,4,0.0,0.0,0.0,0.0,66.5,31.4,0.0,0.3,1.8
2023-09-01T17:30Z,5,298,22.8,0.0,68.7,0.0,0.5,0.4,0.0,0.2,7.4
2023-09-01T17:30Z,6,149,2.3,0.0,37.1,0.0,7.5,34.8,0.0,3.7,14.7
2023-09-01T17:30Z,7,379,0.0,0.0,96.3,0.0,0.0,0.0,0.0,1.8,2.0
2023-09-01T17:30Z,8,291,3.4,1.8,68.5,0.0,3.4,16.0,0.0,1.7,5.2
2023-09-01T17:30Z,9,379,7.7,6.0,79.6,0.0,0.2,0.1,0.0,1.1,5.4
2023-09-01T17:30Z,10,229,3.1,2.5,51.2,0.0,0.1,28.7,0.0,2.2,12.2
2023-09-01T17:30Z,11,344,0.5,0.4,86.2,0.0,1.6,0.3,0.0,9.3,1.8
2023-09-01T17:30Z,12,308,4.0,3.1,68.9,0.0,13.3,3.9,0.0,3.5,3.4
2023-09-01T17:30Z,13,271,2.1,1.7,63.7,0.6,7.9,14.1,0.0,2.1,7.7
2023-09-01T17:30Z,14,300,0.3,0.3,74.6,1.6,13.5,3.1,0.0,1.5,5.1
2023-09-01T17:30Z,15,258,5.0,1.8,59.5,0.5,9.4,15.1,0.0,2.1,6.7
2023-09-01T17:30Z,16,46,2.0,0.0,11.1,20.2,0.0,37.8,0.0,1.0,27.8
2023-09-01T17:30Z,17,366,0.0,0.0,92.9,0.0,0.0,0.0,0.0,2.5,4.6
2023-09-01T17:30Z,18,239,4.4,1.5,55.7,2.7,7.8,16.9,0.0,2.0,9.1
2023-09-01T18:00Z,1,14,0.3,0.0,3.5,51.7,0.8,7.2,0.0,0.1,36.5
2023-09-01T18:00Z,2,21,3.3,0.0,4.2,0.0,7.6,60.8,0.0,0.5,23.5
2023-09-01T18:00Z,3,128,2.7,0.0,31.5,0.0,10.7,46.0,0.0,0.1,9.0
2023-09-01T18:00Z,4,4,0.0,0.0,0.0,0.0,66.6,31.7,0.0,0.1,1.6
2023-09-01T18:00Z,5,296,22.9,0.0,68.2,0.0,1.2,0.6,0.0,0.1,7.1
2023-09-01T18:00Z,6,174,1.7,0.0,43.5,0.0,6.1,33.7,0.0,1.2,13.7
2023-09-01T18:00Z,7,384,0.0,0.0,97.4,0.0,0.0,0.0,0.0,0.6,2.0
2023-09-01T18:00Z,8,287,3.1,1.7,67.8,0.0,3.8,16.9,0.0,0.6,6.1
2023-09-01T18:00Z,9,379,8.0,5.9,79.6,0.0,0.4,0.2,0.0,0.4,5.5
2023-09-01T18:00Z,10,236,3.5,2.5,52.9,0.0,0.2,28.3,0.0,0.8,11.8
2023-09-01T18:00Z,11,364,0.6,0.2,91.6,0.0,1.6,0.3,0.0,3.7,2.0
2023-09-01T18:00Z,12,319,4.4,3.2,71.3,0.0,11.5,4.2,0.0,1.2,4.1
2023-09-01T18:00Z,13,275,2.4,1.8,64.3,0.6,7.4,15.0,0.0,0.8,7.7
2023-09-01T18:00Z,14,301,0.4,0.3,74.8,1.5,13.4,3.8,0.0,0.6,5.2
2023-09-01T18:00Z,15,263,5.1,1.8,60.6,0.5,9.3,15.2,0.0,0.7,6.7
2023-09-01T18:00Z,16,41,2.2,0.0,9.8,19.6,0.0,38.7,0.0,0.4,29.3
2023-09-01T18:00Z,17,371,0.0,0.0,94.2,0.0,0.0,0.0,0.0,0.9,4.9
2023-09-01T18:00Z,18,244,4.5,1.5,56.6,2.6,7.7,17.1,0.0,0.7,9.2
2023-09-01T18:30Z,1,20,0.4,0.0,5.0,49.3,0.9,7.7,0.0,0.0,36.7
2023-09-01T18:30Z,2,21,3.3,0.0,4.1,0.0,7.4,61.8,0.0,0.0,23.4
2023-09-01T18:30Z,3,126,2.8,0.0,31.1,0.0,11.0,45.1,0.0,0.0,10.0
2023-09-01T18:30Z,4,4,0.0,0.0,0.0,0.0,67.0,31.5,0.0,0.0,1.5
2023-09-01T18:30Z,5,296,23.1,0.0,68.1,0.0,1.2,0.8,0.0,0.0,6.7
2023-09-01T18:30Z,6,169,1.9,0.0,42.1,0.0,6.7,33.9,0.0,0.1,15.2
2023-09-01T18:30Z,7,386,0.0,0.0,98.0,0.0,0.0,0.0,0.0,0.0,2.0
2023-09-01T18:30Z,8,282,3.4,1.5,67.0,0.0,4.0,17.4,0.0,0.0,6.7
2023-09-01T18:30Z,9,377,8.2,5.5,80.0,0.0,0.4,0.3,0.0,0.0,5.5
2023-09-01T18:30Z,10,238,3.4,2.3,53.9,0.0,0.2,29.1,0.0,0.1,11.0
2023-09-01T18:30Z,11,388,0.0,0.1,98.3,0.0,0.0,0.2,0.0,0.3,1.2
2023-09-01T18:30Z,12,324,4.7,2.9,73.4,0.0,10.2,4.6,0.0,0.1,4.2
2023-09-01T18:30Z,13,285,2.4,1.6,67.2,0.5,5.3,15.5,0.0,0.1,7.3
2023-09-01T18:30Z,14,322,0.4,0.4,80.2,1.3,8.7,4.2,0.0,0.0,4.7
2023-09-01T18:30Z,15,267,5.2,1.6,62.1,0.4,8.3,15.5,0.0,0.1,6.8
2023-09-01T18:30Z,16,45,2.2,0.0,10.9,18.6,0.0,39.4,0.0,0.0,28.9
2023-09-01T18:30Z,17,376,0.0,0.0,95.4,0.0,0.0,0.0,0.0,0.1,4.5
2023-09-01T18:30Z,18,249,4.6,1.4,58.3,2.5,6.9,17.3,0.0,0.1,9.2
2023-09-01T19:00Z,1,29,0.4,0.0,7.3,42.4,0.9,9.9,0.0,0.0,39.0
2023-09-01T19:00Z,2,21,3.2,0.0,4.1,0.0,6.9,61.7,0.0,0.0,24.0
2023-09-01T19:00Z,3,126,2.9,0.0,30.9,0.0,11.2,43.9,0.0,0.0,11.1
2023-09-01T19:00Z,4,4,0.0,0.0,0.0,0.0,67.0,31.6,0.0,0.0,1.4
2023-09-01T19:00Z,5,298,22.6,0.0,68.7,0.0,1.3,0.9,0.0,0.0,6.5
2023-09-01T19:00Z,6,135,2.5,0.0,33.3,0.0,8.4,36.9,0.0,0.1,18.8
2023-09-01T19:00Z,7,386,0.0,0.0,98.1,0.0,0.0,0.0,0.0,0.0,1.9
2023-09-01T19:00Z,8,275,3.4,1.1,66.2,0.0,4.2,18.1,0.0,0.1,7.0
2023-09-01T19:00Z,9,367,8.2,3.8,81.7,0.0,0.5,0.3,0.0,0.0,5.4
2023-09-01T19:00Z,10,234,3.5,1.6,54.5,0.0,0.2,29.3,0.0,0.1,10.8
2023-09-01T19:00Z,11,380,0.6,0.2,95.5,0.0,1.0,0.4,0.0,0.3,1.9
2023-09-01T19:00Z,12,323,4.7,2.1,75.2,0.0,8.6,4.9,0.0,0.1,4.4
2023-09-01T19:00Z,13,288,2.7,1.2,69.4,0.3,1.8,17.0,0.0,0.1,7.5
2023-09-01T19:00Z,14,348,0.7,0.3,87.4,1.0,0.3,5.0,0.0,0.0,5.2
2023-09-01T19:00Z,15,267,5.3,1.2,63.3,0.4,7.0,15.8,0.0,0.1,7.0
2023-09-01T19:00Z,16,44,2.3,0.0,10.4,14.6,0.0,41.8,0.0,0.0,30.9
2023-09-01T19:00Z,17,376,0.0,0.0,95.4,0.0,0.0,0.0,0.0,0.1,4.6
2023-09-01T19:00Z,18,250,4.7,1.0,59.5,1.9,5.9,17.6,0.0,0.1,9.4
2023-09-01T19:30Z,1,12,0.7,0.0,2.9,41.3,1.5,10.5,0.0,0.0,43.1
2023-09-01T19:30Z,2,20,3.2,0.0,3.9,0.0,6.7,61.5,0.0,0.1,24.6
2023-09-01T19:30Z,3,115,2.6,0.0,28.1,0.0,11.4,45.7,0.0,0.0,12.1
2023-09-01T19:30Z,4,4,0.0,0.0,0.0,0.0,67.1,31.7,0.0,0.0,1.2
2023-09-01T19:30Z,5,293,23.3,0.0,67.2,0.0,1.9,1.1,0.0,0.0,6.5
2023-09-01T19:30Z,6,156,1.9,0.0,38.9,0.0,7.1,35.6,0.0,0.1,16.5
2023-09-01T19:30Z,7,385,0.0,0.0,97.8,0.0,0.0,0.0,0.0,0.0,2.2
2023-09-01T19:30Z,8,258,3.7,0.9,62.3,0.0,4.9,20.0,0.0,0.0,8.3
2023-09-01T19:30Z,9,359,9.0,3.1,80.9,0.0,0.7,0.4,0.0,0.0,5.8
2023-09-01T19:30Z,10,231,3.7,1.2,52.1,0.0,2.7,29.5,0.0,0.0,10.7
2023-09-01T19:30Z,11,383,0.6,0.1,96.8,0.0,0.6,0.2,0.0,0.1,1.6
2023-09-01T19:30Z,12,327,5.4,1.8,76.7,0.0,5.3,5.7,0.0,0.0,5.1
2023-09-01T19:30Z,13,285,2.9,1.0,67.7,0.3,2.4,17.9,0.0,0.0,7.9
2023-09-01T19:30Z,14,346,0.7,0.3,86.5,1.0,0.5,5.5,0.0,0.0,5.5
2023-09-01T19:30Z,15,262,5.6,1.0,62.4,0.4,6.5,16.5,0.0,0.0,7.6
2023-09-01T19:30Z,16,40,2.4,0.0,9.3,12.8,0.0,44.5,0.0,0.1,30.8
2023-09-01T19:30Z,17,376,0.0,0.0,95.5,0.0,0.0,0.0,0.0,0.0,4.5
2023-09-01T19:30Z,18,246,4.9,0.8,58.8,1.7,5.5,18.5,0.0,0.0,9.9
2023-09-01T20:00Z,1,31,0.6,0.0,7.7,41.2,1.1,7.0,0.0,0.0,42.5
2023-09-01T20:00Z,2,19,3.1,0.0,3.8,0.0,6.4,61.8,0.0,0.0,24.8
2023-09-01T20:00Z,3,107,2.5,0.0,26.2,0.0,11.9,46.6,0.0,0.0,12.7
2023-09-01T20:00Z,4,4,0.0,0.0,0.0,0.0,66.5,32.2,0.0,0.1,1.2
2023-09-01T20:00Z,5,289,23.5,0.0,66.1,0.0,2.4,1.4,0.0,0.0,6.5
2023-09-01T20:00Z,6,142,2.0,0.0,35.2,0.0,7.6,37.4,0.0,0.1,17.7
2023-09-01T20:00Z,7,386,0.0,0.0,97.9,0.0,0.0,0.0,0.0,0.0,2.1
2023-09-01T20:00Z,8,249,3.8,0.9,59.9,0.0,5.3,21.2,0.0,0.0,8.9
2023-09-01T20:00Z,9,356,9.4,3.1,80.1,0.0,1.0,0.6,0.0,0.0,5.9
2023-09-01T20:00Z,10,219,3.8,1.2,51.6,0.0,0.4,32.2,0.0,0.1,10.7
2023-09-01T20:00Z,11,385,0.3,0.0,97.5,0.0,0.2,0.1,0.0,0.3,1.6
2023-09-01T20:00Z,12,324,5.6,1.8,75.9,0.0,5.3,6.0,0.0,0.1,5.3
2023-09-01T20:00Z,13,279,3.1,1.0,67.4,0.4,1.2,18.7,0.0,0.1,8.2
2023-09-01T20:00Z,14,342,0.9,0.3,86.0,1.0,0.4,5.6,0.0,0.1,5.8
2023-09-01T20:00Z,15,259,5.7,0.9,61.5,0.4,6.7,16.9,0.0,0.1,7.8
2023-09-01T20:00Z,16,37,2.4,0.0,8.7,12.2,0.0,46.0,0.0,0.0,30.6
2023-09-01T20:00Z,17,375,0.0,0.0,95.1,0.0,0.0,0.0,0.0,0.1,4.9
2023-09-01T20:00Z,18,242,5.0,0.8,58.0,1.6,5.6,19.0,0.0,0.1,10.0
2023-09-01T20:30Z,1,71,0.5,0.0,17.9,36.1,0.8,5.0,0.0,0.0,39.8
2023-09-01T20:30Z,2,20,3.3,0.0,4.0,0.0,5.9,61.9,0.0,0.0,24.9
2023-09-01T20:30Z,3,107,2.3,0.0,26.2,0.0,11.8,46.9,0.0,0.0,12.9
2023-09-01T20:30Z,4,4,0.0,0.0,0.0,0.0,67.4,31.6,0.0,0.0,1.0
2023-09-01T20:30Z,5,282,24.6,0.0,64.1,0.0,3.0,1.7,0.0,0.0,6.6
2023-09-01T20:30Z,6,142,1.9,0.0,35.5,0.0,7.2,37.9,0.0,0.0,17.5
2023-09-01T20:30Z,7,387,0.0,0.0,98.2,0.0,0.0,0.0,0.0,0.0,1.8
2023-09-01T20:30Z,8,245,3.5,0.4,60.2,0.0,5.1,22.2,0.0,0.0,8.6
2023-09-01T20:30Z,9,345,9.7,1.5,81.0,0.0,1.2,0.8,0.0,0.0,5.8
2023-09-01T20:30Z,10,215,3.8,0.6,52.1,0.0,0.5,32.6,0.0,0.0,10.4
2023-09-01T20:30Z,11,389,0.0,0.0,98.8,0.0,0.0,0.0,0.0,0.0,1.2
2023-09-01T20:30Z,12,328,5.7,0.8,79.5,0.0,2.7,5.9,0.0,0.0,5.3
2023-09-01T20:30Z,13,271,3.0,0.5,66.6,0.3,2.9,19.0,0.0,0.0,7.6
2023-09-01T20:30Z,14,323,0.8,0.1,81.0,0.9,6.2,6.0,0.0,0.0,5.1
2023-09-01T20:30Z,15,253,5.7,0.5,61.3,0.3,7.5,17.2,0.0,0.0,7.5
2023-09-01T20:30Z,16,39,2.8,0.0,9.0,10.3,0.0,47.5,0.0,0.0,30.3
2023-09-01T20:30Z,17,376,0.0,0.0,95.4,0.0,0.0,0.0,0.0,0.0,4.6
2023-09-01T20:30Z,18,239,5.1,0.4,58.1,1.3,6.3,19.2,0.0,0.0,9.6
2023-09-01T21:00Z,1,121,0.2,0.0,30.5,30.2,0.3,2.4,0.0,0.0,36.4
2023-09-01T21:00Z,2,21,3.5,0.0,4.1,0.0,5.2,63.8,0.0,0.0,23.4
2023-09-01T21:00Z,3,104,2.4,0.0,25.6,0.0,12.7,46.9,0.0,0.1,12.4
2023-09-01T21:00Z,4,4,0.0,0.0,0.0,0.0,66.6,32.2,0.0,0.2,1.0
2023-09-01T21:00Z,5,281,24.3,0.0,63.8,0.0,3.5,2.1,0.0,0.1,6.1
2023-09-01T21:00Z,6,128,2.1,0.0,31.7,0.0,7.9,40.7,0.0,0.1,17.6
2023-09-01T21:00Z,7,387,0.0,0.0,98.1,0.0,0.0,0.0,0.0,0.0,1.9
2023-09-01T21:00Z,8,240,3.6,0.0,59.8,0.0,5.6,22.5,0.0,0.2,8.4
2023-09-01T21:00Z,9,334,10.2,0.0,81.7,0.0,1.5,0.9,0.0,0.0,5.7
2023-09-01T21:00Z,10,207,4.0,0.0,51.3,0.0,0.6,34.0,0.0,0.0,10.1
2023-09-01T21:00Z,11,389,0.0,0.0,98.8,0.0,0.0,0.0,0.0,0.0,1.2
2023-09-01T21:00Z,12,325,5.8,0.0,80.6,0.0,2.7,5.7,0.0,0.1,5.0
2023-09-01T21:00Z,13,260,3.0,0.0,64.9,0.3,4.2,20.2,0.0,0.0,7.4
2023-09-01T21:00Z,14,306,0.7,0.0,76.7,0.8,9.6,7.2,0.0,0.0,5.0
2023-09-01T21:00Z,15,249,5.9,0.0,61.1,0.3,7.7,17.8,0.0,0.1,7.1
2023-09-01T21:00Z,16,41,3.1,0.0,9.5,8.6,0.0,49.1,0.0,0.0,29.7
2023-09-01T21:00Z,17,375,0.0,0.0,95.1,0.0,0.0,0.2,0.0,0.1,4.7
2023-09-01T21:00Z,18,236,5.3,0.0,58.2,1.1,6.5,19.8,0.0,0.0,9.2
2023-09-01T21:30Z,1,146,0.2,0.0,36.9,25.3,0.2,1.1,0.0,0.0,36.4
2023-09-01T21:30Z,2,20,3.4,0.0,3.9,0.1,4.4,66.6,0.0,0.0,21.6
2023-09-01T21:30Z,3,98,2.3,0.0,23.9,0.0,13.2,48.8,0.0,0.0,11.8
2023-09-01T21:30Z,4,4,0.0,0.0,0.0,0.0,67.0,32.0,0.0,0.0,0.9
2023-09-01T21:30Z,5,273,25.9,0.0,61.2,0.0,4.4,2.6,0.0,0.0,5.9
2023-09-01T21:30Z,6,117,2.2,0.0,28.9,0.0,8.5,42.2,0.0,0.0,18.1
2023-09-01T21:30Z,7,387,0.0,0.0,98.1,0.0,0.0,0.0,0.0,0.0,1.9
2023-09-01T21:30Z,8,232,3.6,0.0,57.7,0.0,5.8,24.8,0.0,0.0,8.0
2023-09-01T21:30Z,9,330,11.0,0.0,80.5,0.0,1.9,1.2,0.0,0.0,5.5
2023-09-01T21:30Z,10,202,4.2,0.0,49.9,0.0,0.7,35.6,0.0,0.0,9.5
2023-09-01T21:30Z,11,390,0.0,0.0,99.0,0.0,0.0,0.0,0.0,0.0,1.0
2023-09-01T21:30Z,12,326,5.8,0.0,80.9,0.0,2.3,6.4,0.0,0.0,4.6
2023-09-01T21:30Z,13,267,3.5,0.0,66.6,0.3,1.0,21.4,0.0,0.0,7.2
2023-09-01T21:30Z,14,333,1.2,0.0,84.1,0.8,0.6,7.7,0.0,0.0,5.4
2023-09-01T21:30Z,15,249,6.2,0.0,61.1,0.3,6.7,18.9,0.0,0.0,6.9
2023-09-01T21:30Z,16,43,3.3,0.0,9.9,6.7,0.0,51.8,0.0,0.0,28.3
2023-09-01T21:30Z,17,371,0.0,0.0,94.3,0.0,0.0,0.7,0.0,0.0,5.0
2023-09-01T21:30Z,18,236,5.5,0.0,58.3,0.9,5.7,20.9,0.0,0.0,8.8
2023-09-01T22:00Z,1,178,0.0,0.0,45.1,18.4,0.0,0.0,0.0,0.0,36.5
2023-09-01T22:00Z,2,22,3.7,0.0,4.4,0.4,3.7,66.3,0.0,0.0,21.5
2023-09-01T22:00Z,3,89,1.9,0.0,21.8,0.0,13.2,51.6,0.0,0.0,11.5
2023-09-01T22:00Z,4,4,0.0,0.0,0.0,0.0,67.0,32.1,0.0,0.0,0.9
2023-09-01T22:00Z,5,263,26.8,0.0,58.5,0.0,5.5,2.9,0.0,0.0,6.2
2023-09-01T22:00Z,6,122,2.1,0.0,30.2,0.1,8.3,41.2,0.0,0.2,18.0
2023-09-01T22:00Z,7,386,0.0,0.0,98.0,0.0,0.0,0.0,0.0,0.0,2.0
2023-09-01T22:00Z,8,219,3.5,0.0,54.4,0.0,6.3,27.2,0.0,0.0,8.5
2023-09-01T22:00Z,9,324,11.8,0.0,78.5,0.0,2.4,1.4,0.0,0.1,5.8
2023-09-01T22:00Z,10,194,4.4,0.0,47.9,0.0,0.9,36.9,0.0,0.0,9.8
2023-09-01T22:00Z,11,390,0.0,0.0,99.0,0.0,0.0,0.0,0.0,0.0,1.0
2023-09-01T22:00Z,12,320,5.9,0.0,79.4,0.0,2.6,7.1,0.0,0.2,4.7
2023-09-01T22:00Z,13,262,3.7,0.0,65.4,0.4,1.1,21.9,0.0,0.1,7.5
2023-09-01T22:00Z,14,329,1.4,0.0,83.2,1.1,0.4,8.1,0.0,0.1,5.7
2023-09-01T22:00Z,15,243,6.4,0.0,59.5,0.3,6.9,19.7,0.0,0.1,7.2
2023-09-01T22:00Z,16,35,3.2,0.0,8.0,5.2,0.0,55.1,0.0,0.3,28.2
2023-09-01T22:00Z,17,364,0.1,0.0,92.3,0.1,0.0,1.4,0.0,0.0,6.0
2023-09-01T22:00Z,18,232,5.8,0.0,57.0,0.7,5.9,21.7,0.0,0.1,8.9
2023-09-01T22:30Z,1,179,0.0,0.0,45.5,14.9,0.0,0.0,0.0,0.0,39.6
2023-09-01T22:30Z,2,25,3.9,0.0,5.1,0.5,3.4,64.8,0.0,0.0,22.4
2023-09-01T22:30Z,3,86,1.7,0.0,21.0,0.1,13.2,52.2,0.0,0.0,11.7
2023-09-01T22:30Z,4,4,0.0,0.0,0.0,0.0,67.0,32.2,0.0,0.0,0.8
2023-09-01T22:30Z,5,255,27.6,0.0,56.3,0.0,6.2,3.3,0.0,0.0,6.7
2023-09-01T22:30Z,6,129,1.9,0.0,32.0,0.2,7.5,40.9,0.0,0.0,17.5
2023-09-01T22:30Z,7,385,0.0,0.0,97.8,0.0,0.0,0.0,0.0,0.0,2.2
2023-09-01T22:30Z,8,210,3.5,0.0,52.2,0.1,6.6,28.5,0.0,0.0,9.2
2023-09-01T22:30Z,9,321,12.0,0.0,77.7,0.0,2.7,1.5,0.0,0.0,6.1
2023-09-01T22:30Z,10,192,4.6,0.0,47.3,0.0,1.0,36.8,0.0,0.0,10.3
2023-09-01T22:30Z,11,390,0.0,0.0,98.9,0.0,0.0,0.0,0.0,0.0,1.1
2023-09-01T22:30Z,12,317,6.1,0.0,78.4,0.0,2.8,7.5,0.0,0.0,5.1
2023-09-01T22:30Z,13,260,3.8,0.0,64.8,0.4,1.2,22.0,0.0,0.0,7.8
2023-09-01T22:30Z,14,328,1.4,0.0,82.8,1.1,0.4,8.2,0.0,0.0,6.0
2023-09-01T22:30Z,15,239,6.5,0.0,58.7,0.2,7.0,20.2,0.0,0.0,7.5
2023-09-01T22:30Z,16,36,3.5,0.0,8.1,4.2,0.0,54.7,0.0,0.0,29.6
2023-09-01T22:30Z,17,363,0.1,0.0,92.0,0.1,0.0,1.5,0.0,0.0,6.3
2023-09-01T22:30Z,18,229,5.8,0.0,56.3,0.6,6.0,22.1,0.0,0.0,9.3
2023-09-01T23:00Z,1,163,0.0,0.0,41.5,14.6,0.0,1.1,0.0,0.0,42.9
2023-09-01T23:00Z,2,26,3.9,0.0,5.3,0.6,2.4,66.1,0.0,0.0,21.7
2023-09-01T23:00Z,3,81,1.5,0.0,20.0,0.1,13.4,52.5,0.0,0.0,12.5
2023-09-01T23:00Z,4,4,0.0,0.0,0.0,0.0,66.7,32.4,0.0,0.1,0.8
2023-09-01T23:00Z,5,257,26.8,0.0,56.9,0.0,6.6,3.4,0.0,0.0,6.4
2023-09-01T23:00Z,6,147,1.6,0.0,36.8,0.2,5.9,39.3,0.0,0.0,16.2
2023-09-01T23:00Z,7,384,0.0,0.0,97.4,0.0,0.0,0.0,0.0,0.0,2.6
2023-09-01T23:00Z,8,200,3.5,0.0,49.7,0.1,7.0,29.2,0.0,0.0,10.5
2023-09-01T23:00Z,9,316,12.6,0.0,76.3,0.0,3.1,1.6,0.0,0.0,6.3
2023-09-01T23:00Z,10,182,4.9,0.0,44.7,0.0,1.2,38.1,0.0,0.0,11.1
2023-09-01T23:00Z,11,389,0.0,0.0,98.7,0.0,0.0,0.0,0.0,0.2,1.1
2023-09-01T23:00Z,12,313,6.2,0.0,77.6,0.0,3.0,7.8,0.0,0.0,5.3
2023-09-01T23:00Z,13,256,4.0,0.0,63.8,0.3,1.3,22.4,0.0,0.0,8.2
2023-09-01T23:00Z,14,326,1.5,0.0,82.3,0.9,0.5,8.7,0.0,0.0,6.0
2023-09-01T23:00Z,15,235,6.5,0.0,57.6,0.3,7.0,20.6,0.0,0.0,7.9
2023-09-01T23:00Z,16,35,3.7,0.0,7.7,3.8,0.0,55.5,0.0,0.0,29.3
2023-09-01T23:00Z,17,360,0.1,0.0,91.3,0.1,0.0,1.8,0.0,0.0,6.8
2023-09-01T23:00Z,18,225,5.9,0.0,55.3,0.5,6.1,22.5,0.0,0.0,9.6
2023-09-01T23:30Z,1,202,0.0,0.0,51.3,13.2,0.0,0.0,0.0,0.0,35.5
2023-09-01T23:30Z,2,43,3.2,0.0,10.0,1.2,1.2,62.4,0.0,0.0,22.0
2023-09-01T23:30Z,3,58,0.9,0.0,14.3,0.2,13.1,58.9,0.0,0.0,12.6
2023-09-01T23:30Z,4,4,0.0,0.0,0.0,0.0,67.4,31.9,0.0,0.0,0.7
2023-09-01T23:30Z,5,240,29.8,0.0,51.7,0.0,8.5,3.7,0.0,0.0,6.3
2023-09-01T23:30Z,6,121,1.3,0.0,30.1,0.4,6.0,43.5,0.0,0.0,18.6
2023-09-01T23:30Z,7,384,0.0,0.0,97.6,0.0,0.0,0.0,0.0,0.0,2.4
2023-09-01T23:30Z,8,191,2.9,0.0,47.5,0.2,6.9,31.8,0.0,0.0,10.7
2023-09-01T23:30Z,9,307,14.1,0.0,73.6,0.0,4.0,1.8,0.0,0.0,6.5
2023-09-01T23:30Z,10,172,4.8,0.0,42.0,0.0,1.4,40.8,0.0,0.0,11.0
2023-09-01T23:30Z,11,389,0.0,0.0,98.7,0.0,0.0,0.0,0.0,0.0,1.3
2023-09-01T23:30Z,12,319,5.7,0.0,79.1,0.0,3.0,7.4,0.0,0.0,4.9
2023-09-01T23:30Z,13,247,4.1,0.0,61.3,0.3,2.4,23.6,0.0,0.0,8.3
2023-09-01T23:30Z,14,309,1.9,0.0,77.7,1.1,3.4,9.7,0.0,0.0,6.2
2023-09-01T23:30Z,15,227,6.9,0.0,55.4,0.3,7.8,21.8,0.0,0.0,8.0
2023-09-01T23:30Z,16,36,4.1,0.0,7.8,3.8,0.0,57.2,0.0,0.0,27.1
2023-09-01T23:30Z,17,359,0.1,0.0,91.0,0.1,0.0,1.7,0.0,0.0,7.1
2023-09-01T23:30Z,18,218,6.3,0.0,53.3,0.6,6.7,23.7,0.0,0.0,9.5
2023-09-02T00:00Z,1,187,0.0,0.0,47.4,12.6,0.0,0.4,0.0,0.0,39.7
2023-09-02T00:00Z,2,29,3.4,0.0,6.3,1.1,2.3,67.3,0.0,0.1,19.5
2023-09-02T00:00Z,3,66,1.0,0.0,16.2,0.2,13.1,58.8,0.0,0.0,10.8
2023-09-02T00:00Z,4,4,0.0,0.0,0.0,0.0,67.4,31.9,0.0,0.0,0.7
2023-09-02T00:00Z,5,243,29.8,0.0,52.5,0.0,8.1,3.7,0.0,0.0,5.8
2023-09-02T00:00Z,6,123,1.4,0.0,30.7,0.4,6.5,44.0,0.0,0.2,16.7
2023-09-02T00:00Z,7,384,0.0,0.0,97.5,0.0,0.0,0.0,0.0,0.1,2.4
2023-09-02T00:00Z,8,191,3.2,0.0,47.4,0.1,7.1,32.4,0.0,0.1,9.6
2023-09-02T00:00Z,9,308,14.3,0.0,73.8,0.0,3.9,1.8,0.0,0.0,6.2
2023-09-02T00:00Z,10,166,5.0,0.0,40.6,0.0,1.4,42.3,0.0,0.1,10.7
2023-09-02T00:00Z,11,389,0.0,0.0,98.7,0.0,0.0,0.0,0.0,0.1,1.2
2023-09-02T00:00Z,12,319,5.9,0.0,79.2,0.0,3.0,7.3,0.0,0.2,4.5
2023-09-02T00:00Z,13,241,4.3,0.0,59.8,0.3,2.7,24.8,0.0,0.1,8.0
2023-09-02T00:00Z,14,305,2.0,0.0,76.6,1.0,4.5,9.7,0.0,0.1,6.1
2023-09-02T00:00Z,15,225,7.0,0.0,54.9,0.2,8.1,22.3,0.0,0.0,7.4
2023-09-02T00:00Z,16,34,4.5,0.0,7.4,3.6,0.0,59.0,0.0,0.2,25.3
2023-09-02T00:00Z,17,358,0.1,0.0,90.9,0.1,0.0,1.3,0.0,0.4,7.2
2023-09-02T00:00Z,18,216,6.4,0.0,52.8,0.5,6.9,24.3,0.0,0.1,8.9
2023-09-02T00:30Z,1,192,0.0,0.0,48.7,12.6,0.0,3.2,0.0,0.0,35.5
2023-09-02T00:30Z,2,29,3.3,0.0,6.4,0.5,2.8,68.4,0.0,0.0,18.6
2023-09-02T00:30Z,3,71,1.4,0.0,17.5,0.1,13.5,57.5,0.0,0.0,10.1
2023-09-02T00:30Z,4,4,0.0,0.0,0.0,0.0,67.7,31.6,0.0,0.0,0.7
2023-09-02T00:30Z,5,250,29.2,0.0,54.5,0.0,7.4,3.5,0.0,0.0,5.4
2023-09-02T00:30Z,6,131,1.5,0.0,32.7,0.2,6.6,43.5,0.0,0.0,15.5
2023-09-02T00:30Z,7,384,0.0,0.0,97.5,0.0,0.0,0.0,0.0,0.0,2.5
2023-09-02T00:30Z,8,199,3.5,0.0,49.4,0.1,7.0,31.1,0.0,0.0,8.9
2023-09-02T00:30Z,9,312,14.1,0.0,74.7,0.0,3.6,1.7,0.0,0.0,6.0
2023-09-02T00:30Z,10,173,4.8,0.0,42.4,0.0,1.2,40.8,0.0,0.0,10.8
2023-09-02T00:30Z,11,389,0.0,0.0,98.6,0.0,0.0,0.0,0.0,0.0,1.4
2023-09-02T00:30Z,12,326,5.8,0.0,80.9,0.0,2.7,6.6,0.0,0.0,4.0
2023-09-02T00:30Z,13,235,3.6,0.0,58.2,0.3,6.3,24.3,0.0,0.0,7.3
2023-09-02T00:30Z,14,275,1.1,0.0,68.6,0.8,15.1,9.6,0.0,0.0,4.8
2023-09-02T00:30Z,15,226,6.9,0.0,55.1,0.2,9.2,21.9,0.0,0.0,6.8
2023-09-02T00:30Z,16,33,4.7,0.0,6.9,3.6,0.0,60.0,0.0,0.0,24.8
2023-09-02T00:30Z,17,361,0.1,0.0,91.7,0.1,0.0,1.3,0.0,0.0,6.9
2023-09-02T00:30Z,18,218,6.3,0.0,53.2,0.5,7.9,23.9,0.0,0.0,8.4
2023-09-02T01:00Z,1,159,0.1,0.0,40.3,12.6,0.1,3.3,0.0,0.0,43.7
2023-09-02T01:00Z,2,20,3.7,0.0,3.8,0.2,4.3,71.3,0.0,0.0,16.7
2023-09-02T01:00Z,3,70,1.6,0.0,17.1,0.0,13.9,58.0,0.0,0.0,9.3
2023-09-02T01:00Z,4,4,0.0,0.0,0.0,0.0,67.8,31.6,0.0,0.0,0.7
2023-09-02T01:00Z,5,252,29.4,0.0,54.9,0.0,6.9,3.5,0.0,0.0,5.4
2023-09-02T01:00Z,6,140,1.5,0.0,34.9,0.1,6.6,42.9,0.0,0.2,13.8
2023-09-02T01:00Z,7,384,0.0,0.0,97.5,0.0,0.0,0.0,0.0,0.1,2.4
2023-09-02T01:00Z,8,203,3.8,0.0,50.2,0.0,7.0,30.7,0.0,0.1,8.2
2023-09-02T01:00Z,9,311,14.3,0.0,74.4,0.0,3.3,1.7,0.0,0.0,6.2
2023-09-02T01:00Z,10,154,4.3,0.0,37.7,0.0,1.0,45.6,0.0,0.0,11.3
2023-09-02T01:00Z,11,387,0.0,0.0,98.3,0.0,0.0,0.0,0.0,0.4,1.4
2023-09-02T01:00Z,12,325,6.0,0.0,80.7,0.0,2.7,6.4,0.0,0.2,4.0
2023-09-02T01:00Z,13,229,3.5,0.0,56.7,0.2,6.8,24.8,0.0,0.1,8.0
2023-09-02T01:00Z,14,273,0.9,0.0,68.0,0.6,16.2,9.3,0.0,0.1,5.0
2023-09-02T01:00Z,15,223,7.0,0.0,54.3,0.2,9.5,22.1,0.0,0.1,6.9
2023-09-02T01:00Z,16,30,5.0,0.0,6.1,3.4,0.0,61.3,0.0,0.0,24.3
2023-09-02T01:00Z,17,364,0.0,0.0,92.3,0.1,0.0,1.1,0.0,0.3,6.2
2023-09-02T01:00Z,18,215,6.4,0.0,52.4,0.4,8.1,24.2,0.0,0.1,8.4
2023-09-02T01:30Z,1,101,0.9,0.0,25.5,15.6,1.2,3.8,0.0,0.0,53.0
2023-09-02T01:30Z,2,19,3.8,0.0,3.6,0.0,5.3,72.4,0.0,0.0,14.9
2023-09-02T01:30Z,3,74,1.8,0.0,18.1,0.0,14.0,57.7,0.0,0.0,8.4
2023-09-02T01:30Z,4,4,0.0,0.0,0.0,0.0,67.7,31.6,0.0,0.0,0.7
2023-09-02T01:30Z,5,253,29.7,0.0,55.1,0.0,6.5,3.3,0.0,0.0,5.4
2023-09-02T01:30Z,6,131,1.8,0.0,32.6,0.0,7.6,43.8,0.0,0.0,14.3
2023-09-02T01:30Z,7,384,0.0,0.0,97.5,0.0,0.0,0.0,0.0,0.0,2.5
2023-09-02T01:30Z,8,206,4.2,0.0,51.0,0.0,7.1,29.8,0.0,0.0,7.9
2023-09-02T01:30Z,9,309,14.6,0.0,74.0,0.0,3.2,1.6,0.0,0.0,6.7
2023-09-02T01:30Z,10,144,4.0,0.0,35.4,0.0,0.9,47.1,0.0,0.0,12.5
2023-09-02T01:30Z,11,389,0.0,0.0,98.6,0.0,0.0,0.0,0.0,0.0,1.4
2023-09-02T01:30Z,12,317,5.3,0.0,78.5,0.0,6.5,6.3,0.0,0.0,3.4
2023-09-02T01:30Z,13,217,2.9,0.0,53.5,0.2,10.3,25.1,0.0,0.0,7.9
2023-09-02T01:30Z,14,255,0.6,0.0,63.1,0.5,22.6,8.6,0.0,0.0,4.5
2023-09-02T01:30Z,15,217,7.1,0.0,52.6,0.1,11.0,22.3,0.0,0.0,6.9
2023-09-02T01:30Z,16,34,5.1,0.0,7.0,3.5,0.0,61.7,0.0,0.0,22.7
2023-09-02T01:30Z,17,362,0.1,0.0,91.8,0.0,0.0,0.8,0.0,0.0,7.2
2023-09-02T01:30Z,18,210,6.5,0.0,51.1,0.4,9.3,24.4,0.0,0.0,8.3
2023-09-02T02:00Z,1,159,0.2,0.0,40.3,13.8,0.2,3.4,0.0,0.0,42.1
2023-09-02T02:00Z,2,20,3.9,0.0,3.8,0.0,4.8,74.2,0.0,0.1,13.1
2023-09-02T02:00Z,3,74,1.6,0.0,18.0,0.0,14.0,59.0,0.0,0.0,7.3
2023-09-02T02:00Z,4,4,0.0,0.0,0.0,0.0,67.6,31.7,0.0,0.0,0.6
2023-09-02T02:00Z,5,250,30.4,0.0,54.2,0.0,7.1,3.3,0.0,0.0,5.0
2023-09-02T02:00Z,6,139,1.7,0.0,34.6,0.0,7.2,43.7,0.0,0.2,12.5
2023-09-02T02:00Z,7,384,0.0,0.0,97.6,0.0,0.0,0.0,0.0,0.1,2.3
2023-09-02T02:00Z,8,210,3.9,0.0,52.0,0.0,7.1,29.9,0.0,0.1,7.0
2023-09-02T02:00Z,9,308,15.0,0.0,73.6,0.0,3.5,1.6,0.0,0.0,6.3
2023-09-02T02:00Z,10,147,4.3,0.0,36.1,0.0,1.0,46.6,0.0,0.1,11.9
2023-09-02T02:00Z,11,388,0.0,0.0,98.6,0.0,0.0,0.0,0.0,0.0,1.4
2023-09-02T02:00Z,12,315,5.5,0.0,78.0,0.0,6.9,6.2,0.0,0.2,3.3
2023-09-02T02:00Z,13,217,3.0,0.0,53.6,0.2,10.7,25.2,0.0,0.1,7.3
2023-09-02T02:00Z,14,259,0.6,0.0,64.0,0.5,23.1,7.7,0.0,0.0,4.1
2023-09-02T02:00Z,15,219,7.1,0.0,53.0,0.1,11.1,22.4,0.0,0.0,6.2
2023-09-02T02:00Z,16,34,5.2,0.0,7.1,3.5,0.0,62.7,0.0,0.1,21.3
2023-09-02T02:00Z,17,367,0.0,0.0,93.1,0.0,0.0,0.5,0.0,0.2,6.1
2023-09-02T02:00Z,18,212,6.5,0.0,51.5,0.4,9.4,24.6,0.0,0.1,7.6
2023-09-02T02:30Z,1,186,0.0,0.0,47.3,13.2,0.0,3.2,0.0,0.0,36.3
2023-09-02T02:30Z,2,23,3.8,0.0,4.6,0.1,4.9,75.3,0.0,0.0,11.3
2023-09-02T02:30Z,3,76,1.5,0.0,18.7,0.0,13.9,59.8,0.0,0.0,6.1
2023-09-02T02:30Z,4,4,0.0,0.0,0.0,0.0,67.5,31.9,0.0,0.0,0.6
2023-09-02T02:30Z,5,255,29.5,0.0,55.6,0.0,7.1,3.3,0.0,0.0,4.4
2023-09-02T02:30Z,6,144,1.6,0.0,35.9,0.0,7.2,44.1,0.0,0.0,11.2
2023-09-02T02:30Z,7,386,0.0,0.0,98.0,0.0,0.0,0.0,0.0,0.0,2.0
2023-09-02T02:30Z,8,218,3.5,0.0,54.1,0.0,6.8,29.7,0.0,0.0,5.9
2023-09-02T02:30Z,9,312,14.7,0.0,74.6,0.0,3.5,1.6,0.0,0.0,5.6
2023-09-02T02:30Z,10,152,4.1,0.0,37.4,0.0,1.0,46.9,0.0,0.0,10.6
2023-09-02T02:30Z,11,389,0.0,0.0,98.6,0.0,0.0,0.0,0.0,0.0,1.4
2023-09-02T02:30Z,12,305,7.0,0.0,74.8,0.0,7.5,6.5,0.0,0.0,4.1
2023-09-02T02:30Z,13,221,3.0,0.0,54.7,0.2,9.4,25.6,0.0,0.0,7.1
2023-09-02T02:30Z,14,276,0.6,0.0,68.5,0.4,19.7,7.2,0.0,0.0,3.6
2023-09-02T02:30Z,15,222,7.1,0.0,53.9,0.1,10.8,22.5,0.0,0.0,5.6
2023-09-02T02:30Z,16,36,5.2,0.0,7.6,3.6,0.0,64.6,0.0,0.0,19.0
2023-09-02T02:30Z,17,369,0.0,0.0,93.8,0.0,0.0,0.3,0.0,0.0,6.0
2023-09-02T02:30Z,18,215,6.5,0.0,52.3,0.4,9.1,24.8,0.0,0.0,6.8
2023-09-02T03:00Z,1,187,0.0,0.0,47.5,13.5,0.0,3.1,0.0,0.0,35.9
2023-09-02T03:00Z,2,23,3.8,0.0,4.7,0.1,4.8,76.8,0.0,0.1,9.6
2023-09-02T03:00Z,3,77,1.6,0.0,19.0,0.0,14.3,59.9,0.0,0.0,5.1
2023-09-02T03:00Z,4,4,0.0,0.0,0.0,0.0,67.2,32.2,0.0,0.0,0.6
2023-09-02T03:00Z,5,255,29.7,0.0,55.7,0.0,7.2,3.4,0.0,0.0,4.1
2023-09-02T03:00Z,6,140,1.7,0.0,35.0,0.0,7.5,45.7,0.0,0.3,9.8
2023-09-02T03:00Z,7,385,0.0,0.0,97.8,0.0,0.0,0.0,0.0,0.1,2.1
2023-09-02T03:00Z,8,219,3.6,0.0,54.3,0.0,6.9,29.8,0.0,0.1,5.3
2023-09-02T03:00Z,9,312,14.7,0.0,74.7,0.0,3.6,1.7,0.0,0.0,5.4
2023-09-02T03:00Z,10,151,4.1,0.0,37.1,0.0,1.0,47.8,0.0,0.1,9.9
2023-09-02T03:00Z,11,389,0.0,0.0,98.6,0.0,0.0,0.0,0.0,0.1,1.3
2023-09-02T03:00Z,12,307,6.7,0.0,75.6,0.0,7.1,6.8,0.0,0.2,3.6
2023-09-02T03:00Z,13,223,3.0,0.0,55.0,0.2,9.4,25.9,0.0,0.1,6.5
2023-09-02T03:00Z,14,278,0.6,0.0,69.0,0.4,19.6,7.0,0.0,0.0,3.4
2023-09-02T03:00Z,15,223,7.1,0.0,54.2,0.1,10.8,22.5,0.0,0.0,5.2
2023-09-02T03:00Z,16,38,5.1,0.0,8.1,3.6,0.0,66.0,0.0,0.1,17.1
2023-09-02T03:00Z,17,372,0.0,0.0,94.3,0.0,0.0,0.3,0.0,0.2,5.3
2023-09-02T03:00Z,18,216,6.5,0.0,52.6,0.4,9.2,25.0,0.0,0.0,6.3
2023-09-02T03:30Z,1,192,0.0,0.0,48.9,13.5,0.0,0.7,0.0,0.0,37.0
2023-09-02T03:30Z,2,23,3.8,0.0,4.6,0.1,4.8,77.1,0.0,0.0,9.6
2023-09-02T03:30Z,3,77,1.6,0.0,18.9,0.0,14.3,60.0,0.0,0.0,5.1
2023-09-02T03:30Z,4,4,0.0,0.0,0.0,0.0,67.3,32.1,0.0,0.0,0.6
2023-09-02T03:30Z,5,255,29.7,0.0,55.6,0.0,7.2,3.4,0.0,0.0,4.1
2023-09-02T03:30Z,6,140,1.7,0.0,34.9,0.0,7.5,46.0,0.0,0.0,9.8
2023-09-02T03:30Z,7,386,0.0,0.0,97.9,0.0,0.0,0.0,0.0,0.0,2.1
2023-09-02T03:30Z,8,220,3.6,0.0,54.5,0.0,6.9,29.6,0.0,0.0,5.3
2023-09-02T03:30Z,9,312,14.7,0.0,74.7,0.0,3.6,1.7,0.0,0.0,5.4
2023-09-02T03:30Z,10,152,4.1,0.0,37.3,0.0,1.0,47.7,0.0,0.0,10.0
2023-09-02T03:30Z,11,389,0.0,0.0,98.7,0.0,0.0,0.0,0.0,0.0,1.3
2023-09-02T03:30Z,12,306,6.6,0.0,75.3,0.0,7.1,7.4,0.0,0.0,3.6
2023-09-02T03:30Z,13,222,3.0,0.0,54.9,0.2,9.4,26.1,0.0,0.0,6.5
2023-09-02T03:30Z,14,276,0.6,0.0,68.6,0.4,19.5,7.5,0.0,0.0,3.4
2023-09-02T03:30Z,15,223,7.1,0.0,54.2,0.2,10.8,22.5,0.0,0.0,5.2
2023-09-02T03:30Z,16,38,5.1,0.0,8.0,3.7,0.0,66.3,0.0,0.0,17.0
2023-09-02T03:30Z,17,373,0.0,0.0,94.7,0.0,0.0,0.0,0.0,0.0,5.3
2023-09-02T03:30Z,18,216,6.5,0.0,52.6,0.5,9.2,25.0,0.0,0.0,6.3
